h1x_velocity,h1y_velocity,h1z_velocity,h2x_velocity,h2y_velocity,h2z_velocity,center_x,center_y,center_z,center_x_velocity,center_y_velocity,center_z_velocity,h1x_position,h1y_position,h1z_position,h2x_position,h2y_position,h2z_position,hand1_to_center,hand2_to_center,h1x_cg,h1y_cg,h1z_cg,h2x_cg,h2y_cg,h2z_cg,hand_distance,time
0.000000,0.000000,0.000000,0.000000,0.000000,0.000000,0.000000,0.000000,0.000000,0.000000,0.000000,0.000000,0.000000,0.000000,0.000000,0.000000,0.000000,0.000000,0.000000,0.000000,0.997687,-0.939618,2.437052,0.999127,-0.936162,2.315728,0.000000,0
5.425500,-5.109717,13.252874,5.433331,-5.090920,12.593108,0.180981,-0.170011,0.430766,5.429416,-5.100319,12.922991,0.180850,-0.170324,0.441762,0.181111,-0.169697,0.419770,13.327701,-12.667627,1.010601,-0.936656,2.349142,1.008925,-0.934452,2.299376,0.022003,1
4.512248,-4.167372,10.372475,4.501716,-4.158793,10.221438,0.331213,-0.308780,0.773998,4.506981,-4.163083,10.296957,0.331258,-0.309236,0.787512,0.331168,-0.308324,0.760485,10.522158,-10.370873,1.010109,-0.936735,2.315728,1.005211,-0.934152,2.299376,0.027042,2
3.691642,-3.412386,8.310558,3.665498,-3.403302,8.368605,0.453832,-0.422375,1.051984,3.678571,-3.407844,8.339581,0.454313,-0.422982,1.064530,0.453351,-0.421767,1.039438,8.600903,-8.657407,1.001396,-0.936248,2.315728,1.001807,-0.938396,2.315728,0.025140,3
2.975077,-2.791177,6.804110,2.982545,-2.809466,6.940559,0.553126,-0.515719,1.281062,2.978811,-2.800323,6.872334,0.553482,-0.516022,1.291334,0.552770,-0.515416,1.270790,6.982343,-7.119480,0.994866,-0.936861,2.315728,0.995211,-0.938777,2.315728,0.020565,4
2.400282,-2.288556,5.570734,2.406029,-2.302269,5.682456,0.633231,-0.592233,1.468615,2.403156,-2.295411,5.626595,0.633492,-0.592307,1.477025,0.632971,-0.592158,1.460206,5.662351,-5.774331,1.015600,-0.940953,2.315728,1.015600,-0.940953,2.315728,0.016828,5
2.077934,-1.895962,4.560935,2.080768,-1.896772,4.652399,0.702543,-0.655445,1.622171,2.079350,-1.896366,4.606669,0.702756,-0.655506,1.629056,0.702330,-0.655384,1.615286,4.639633,-4.731126,1.010234,-0.941332,2.315728,1.010234,-0.941332,2.315728,0.013778,6
1.672087,-1.554344,3.734168,1.674408,-1.555004,3.809059,0.758318,-0.707267,1.747891,1.673248,-1.554675,3.771611,0.758492,-0.707317,1.753528,0.758143,-0.707218,1.742254,3.797706,-3.872636,1.002372,-0.932185,2.299376,1.002372,-0.932185,2.299376,0.011280,7
1.326234,-1.222846,2.968358,1.328132,-1.223390,3.029666,0.802557,-0.748038,1.847858,1.327184,-1.223118,2.999014,0.802700,-0.748079,1.852474,0.802414,-0.747997,1.843243,3.018652,-3.080006,0.996403,-0.938640,2.315728,0.996403,-0.938640,2.315728,0.009236,8
1.053371,-1.036293,2.519213,1.054929,-1.036733,2.569410,0.837696,-0.782588,1.932669,1.054149,-1.036513,2.544308,0.837813,-0.782622,1.936448,0.837579,-0.782555,1.928890,2.559656,-2.609880,1.013769,-0.939371,2.315728,1.013769,-0.939371,2.315728,0.007561,9
0.956864,-0.852410,2.062551,0.958135,-0.852773,2.103660,0.869612,-0.811008,2.002106,0.957500,-0.852592,2.083111,0.869708,-0.811035,2.005199,0.869516,-0.810981,1.999012,2.098613,-2.139775,0.993111,-0.937909,2.315728,0.993111,-0.937909,2.315728,0.006190,10
0.671078,-0.689946,1.688690,0.672120,-0.690243,1.722322,0.891999,-0.834011,2.058956,0.671598,-0.690093,1.705499,0.892077,-0.834034,2.061489,0.891920,-0.833989,2.056423,1.714685,-1.748320,1.010438,-0.939274,2.315728,1.010438,-0.939274,2.315728,0.005069,11
0.643653,-0.572303,1.382575,0.644506,-0.572546,1.410127,0.913468,-0.853092,2.105501,0.644079,-0.572426,1.396351,0.913532,-0.853110,2.107575,0.913404,-0.853074,2.103427,1.406835,-1.434403,1.006279,-0.939778,2.315728,1.006279,-0.939778,2.315728,0.004150,12
0.504361,-0.471307,1.131949,0.505058,-0.471506,1.154509,0.930292,-0.868806,2.143609,0.504709,-0.471405,1.143236,0.930344,-0.868821,2.145306,0.930239,-0.868791,2.141911,1.151156,-1.173708,1.007946,-0.945491,2.332315,1.007946,-0.945491,2.332315,0.003398,13
0.422003,-0.416942,1.016965,0.422577,-0.417103,1.035426,0.944368,-0.882706,2.177815,0.422291,-0.417023,1.026192,0.944411,-0.882719,2.179205,0.944325,-0.882694,2.176425,1.033193,-1.051663,1.002188,-0.938480,2.315728,1.002188,-0.938480,2.315728,0.002782,14
0.314198,-0.303234,0.742428,0.314664,-0.303370,0.757549,0.954849,-0.892816,2.202815,0.314430,-0.303302,0.749989,0.954884,-0.892826,2.203953,0.954814,-0.892806,2.201676,0.754461,-0.769574,1.000691,-0.937465,2.315728,1.000691,-0.937465,2.315728,0.002278,15
0.249104,-0.242751,0.607846,0.249485,-0.242860,0.620227,0.963159,-0.900910,2.223282,0.249295,-0.242804,0.614033,0.963188,-0.900918,2.224214,0.963130,-0.900902,2.222351,0.617409,-0.629784,1.007870,-0.938863,2.315728,1.007870,-0.938863,2.315728,0.001865,16
0.242983,-0.206346,0.497653,0.243298,-0.206437,0.507782,0.971264,-0.907790,2.240040,0.243140,-0.206392,0.502725,0.971287,-0.907796,2.240803,0.971240,-0.907783,2.239277,0.506748,-0.516879,1.015732,-0.939311,2.315728,1.015732,-0.939311,2.315728,0.001527,17
0.241692,-0.171377,0.407453,0.241948,-0.171452,0.415764,0.979324,-0.913503,2.253760,0.241821,-0.171415,0.411601,0.979344,-0.913509,2.254385,0.979305,-0.913498,2.253135,0.416236,-0.424577,1.007627,-0.939233,2.315728,1.007627,-0.939233,2.315728,0.001250,18
0.153807,-0.139892,0.333588,0.154018,-0.139951,0.340383,0.984455,-0.918167,2.264993,0.153912,-0.139920,0.336986,0.984471,-0.918172,2.265504,0.984439,-0.918163,2.264482,0.339419,-0.346221,1.012335,-0.940777,2.315728,1.012335,-0.940777,2.315728,0.001023,19
0.151520,-0.122933,0.273120,0.151699,-0.122979,0.278671,0.989508,-0.922266,2.274189,0.151609,-0.122956,0.275903,0.989521,-0.922270,2.274608,0.989495,-0.922262,2.273771,0.278740,-0.284293,1.019099,-0.940980,2.315728,1.019099,-0.940980,2.315728,0.000838,20
0.160848,-0.101749,0.223618,0.160988,-0.101793,0.228167,0.994872,-0.925658,2.281719,0.160918,-0.101772,0.225892,0.994883,-0.925661,2.282062,0.994862,-0.925655,2.281376,0.229334,-0.233909,1.007783,-0.945422,2.332315,1.007783,-0.945422,2.332315,0.000686,21
0.070150,-0.107458,0.273271,0.070265,-0.107487,0.277011,0.997213,-0.929241,2.290890,0.070206,-0.107473,0.275137,0.997221,-0.929243,2.291171,0.997204,-0.929238,2.290610,0.276261,-0.279990,1.007847,-0.939414,2.315728,1.007847,-0.939414,2.315728,0.000562,22
0.057786,-0.055309,0.133545,0.057882,-0.055338,0.136592,0.999140,-0.931085,2.295393,0.057836,-0.055323,0.135069,0.999147,-0.931087,2.295623,0.999133,-0.931083,2.295163,0.135733,-0.138795,0.979868,-0.945328,2.349142,0.979868,-0.945328,2.349142,0.000460,23
-0.104855,-0.077441,0.291052,-0.104778,-0.077466,0.293548,0.995646,-0.933667,2.305136,-0.104817,-0.077453,0.292304,0.995652,-0.933668,2.305324,0.995641,-0.933665,2.304948,0.288345,-0.290846,1.009306,-0.941412,2.332315,1.009306,-0.941412,2.332315,0.000377,24
0.074258,-0.042121,0.146770,0.074320,-0.042136,0.148823,0.998123,-0.935071,2.310063,0.074290,-0.042129,0.147793,0.998128,-0.935072,2.310217,0.998118,-0.935070,2.309909,0.149340,-0.151421,0.990884,-0.942587,2.332315,0.990884,-0.942587,2.332315,0.000308,25
-0.039391,-0.040863,0.120170,-0.039343,-0.040877,0.121844,0.996811,-0.936433,2.314096,-0.039368,-0.040870,0.121007,0.996814,-0.936434,2.314222,0.996807,-0.936432,2.313970,0.119246,-0.120920,1.015488,-0.939860,2.315728,1.015488,-0.939860,2.315728,0.000252,26
0.101552,-0.018625,0.008197,0.101599,-0.018641,0.009563,1.000196,-0.937054,2.314392,0.101577,-0.018632,0.008876,1.000200,-0.937055,2.314496,1.000193,-0.937054,2.314289,0.011394,-0.012875,1.009546,-0.934819,2.299376,1.009546,-0.934819,2.299376,0.000207,27
0.050826,0.012161,-0.082226,0.050855,0.012154,-0.081096,1.001891,-0.936649,2.311670,0.050840,0.012156,-0.081654,1.001894,-0.936650,2.311755,1.001888,-0.936648,2.311586,-0.080708,0.079515,1.007819,-0.937197,2.315728,1.007819,-0.937197,2.315728,0.000169,28
0.032219,-0.002972,0.021601,0.032251,-0.002977,0.022516,1.002966,-0.936748,2.312406,0.032233,-0.002974,0.022058,1.002968,-0.936749,2.312475,1.002963,-0.936748,2.312336,0.022617,-0.023530,1.003417,-0.935757,2.315728,1.003417,-0.935757,2.315728,0.000139,29
0.002443,0.005395,0.017695,0.002464,0.005388,0.018454,1.003047,-0.936569,2.313008,0.002453,0.005391,0.018067,1.003049,-0.936569,2.313065,1.003046,-0.936568,2.312951,0.017712,-0.018470,0.998759,-0.932447,2.299376,0.998759,-0.932447,2.299376,0.000113,30
-0.023332,0.022411,-0.074444,-0.023310,0.022405,-0.073822,1.002270,-0.935822,2.310537,-0.023321,0.022409,-0.074129,1.002271,-0.935822,2.310583,1.002269,-0.935821,2.310491,-0.075356,0.074706,1.002947,-0.939519,2.315728,1.002947,-0.939519,2.315728,0.000093,31
0.003669,-0.020104,0.027966,0.003687,-0.020108,0.028460,1.002393,-0.936492,2.311477,0.003676,-0.020106,0.028210,1.002394,-0.936492,2.311515,1.002391,-0.936491,2.311439,0.028286,-0.028741,1.013566,-0.945128,2.332315,1.013566,-0.945128,2.332315,0.000076,32
0.060750,-0.046953,0.113118,0.060761,-0.046964,0.113533,1.004418,-0.938057,2.315255,0.060757,-0.046960,0.113325,1.004419,-0.938057,2.315286,1.004417,-0.938057,2.315224,0.115186,-0.115705,1.009955,-0.937241,2.315728,1.009955,-0.937241,2.315728,0.000062,33
0.030112,0.004429,0.002410,0.030123,0.004429,0.002747,1.005422,-0.937909,2.315341,0.030116,0.004431,0.002582,1.005422,-0.937910,2.315366,1.005421,-0.937909,2.315315,0.003352,-0.003559,1.005409,-0.939332,2.315728,1.005409,-0.939332,2.315728,0.000051,34
-0.000075,-0.007730,0.001967,-0.000068,-0.007732,0.002246,1.005419,-0.938167,2.315411,-0.000072,-0.007732,0.002110,1.005420,-0.938167,2.315432,1.005419,-0.938167,2.315390,0.002030,-0.002309,0.998681,-0.937284,2.315728,0.998681,-0.937284,2.315728,0.000042,35
-0.036657,0.004798,0.001616,-0.036646,0.004794,0.001838,1.004198,-0.938007,2.315469,-0.036650,0.004796,0.001724,1.004198,-0.938007,2.315486,1.004197,-0.938007,2.315451,0.000565,-0.000787,1.008726,-0.936360,2.315728,1.008726,-0.936360,2.315728,0.000034,36
0.024626,0.008962,0.001309,0.024626,0.008962,0.001502,1.005018,-0.937709,2.315516,0.024626,0.008962,0.001409,1.005019,-0.937709,2.315529,1.005018,-0.937708,2.315501,0.002080,-0.002259,1.012373,-0.932550,2.299376,1.012373,-0.932550,2.299376,0.000028,37
0.039990,0.028049,-0.087841,0.040001,0.028049,-0.087690,1.006352,-0.936774,2.312590,0.039997,0.028049,-0.087769,1.006352,-0.936774,2.312601,1.006351,-0.936774,2.312578,-0.087276,0.086685,1.011566,-0.938943,2.315728,1.011566,-0.938943,2.315728,0.000023,38
0.028363,-0.011782,0.016987,0.028363,-0.011789,0.017109,1.007297,-0.937167,2.313158,0.028360,-0.011786,0.017045,1.007297,-0.937167,2.313168,1.007297,-0.937167,2.313149,0.018038,-0.017830,1.019250,-0.939677,2.315728,1.019250,-0.939677,2.315728,0.000019,39
0.064995,-0.013667,0.013926,0.064999,-0.013658,0.014033,1.009464,-0.937622,2.313624,0.064999,-0.013663,0.013983,1.009464,-0.937622,2.313632,1.009463,-0.937622,2.313617,0.016161,-0.016372,1.010669,-0.939244,2.315728,1.010669,-0.939244,2.315728,0.000015,40
0.006559,-0.008819,0.011408,0.006559,-0.008824,0.011494,1.009682,-0.937916,2.314006,0.006559,-0.008821,0.011451,1.009683,-0.937916,2.314012,1.009682,-0.937916,2.314000,0.011736,-0.011822,1.008348,-0.943836,2.332315,1.008348,-0.943836,2.332315,0.000012,41
-0.007256,-0.032195,0.099528,-0.007253,-0.032194,0.099599,1.009440,-0.938989,2.317325,-0.007256,-0.032195,0.099564,1.009441,-0.938989,2.317330,1.009440,-0.938989,2.317320,0.099446,-0.100136,0.993378,-0.937455,2.315728,0.993378,-0.937455,2.315728,0.000010,42
-0.087354,0.008347,-0.008719,-0.087351,0.008347,-0.008676,1.006529,-0.938711,2.317035,-0.087351,0.008347,-0.008698,1.006529,-0.938711,2.317039,1.006529,-0.938711,2.317030,-0.011256,0.011326,1.014979,-0.939408,2.315728,1.014979,-0.939408,2.315728,0.000009,43
0.045952,-0.003802,-0.007117,0.045955,-0.003802,-0.007067,1.008060,-0.938838,2.316798,0.045952,-0.003802,-0.007095,1.008061,-0.938838,2.316802,1.008060,-0.938838,2.316795,-0.005518,0.006927,1.009634,-0.939425,2.315728,1.009634,-0.939425,2.315728,0.000007,44
0.008562,-0.003188,-0.005844,0.008562,-0.003194,-0.005801,1.008346,-0.938944,2.316604,0.008562,-0.003190,-0.005822,1.008346,-0.938944,2.316607,1.008346,-0.938944,2.316602,-0.005482,0.005801,0.979053,-0.941314,2.332315,0.979053,-0.941314,2.332315,0.000005,45
-0.159309,-0.012889,0.085416,-0.159309,-0.012885,0.085444,1.003036,-0.939374,2.319452,-0.159309,-0.012887,0.085430,1.003036,-0.939374,2.319454,1.003036,-0.939373,2.319450,0.077651,-0.085769,1.019125,-0.941719,2.332315,1.019125,-0.941719,2.332315,0.000005,46
0.087501,-0.012742,0.069945,0.087501,-0.012746,0.069966,1.005952,-0.939798,2.321784,0.087504,-0.012744,0.069959,1.005952,-0.939798,2.321786,1.005952,-0.939798,2.321782,0.069945,-0.075288,1.011765,-0.942142,2.332315,1.011765,-0.942142,2.332315,0.000004,47
0.031600,-0.012748,0.057263,0.031600,-0.012748,0.057292,1.007006,-0.940223,2.323693,0.031600,-0.012748,0.057278,1.007006,-0.940223,2.323694,1.007006,-0.940223,2.323692,0.057263,-0.059718,1.010646,-0.943173,2.332315,1.010646,-0.943173,2.332315,0.000003,48
0.019795,-0.016031,0.046871,0.019798,-0.016034,0.046878,1.007666,-0.940758,2.325255,0.019795,-0.016032,0.046871,1.007666,-0.940758,2.325257,1.007666,-0.940758,2.325254,0.046163,-0.046019,1.014588,-0.942733,2.332315,1.014588,-0.942733,2.332315,0.000003,49
0.037651,-0.010747,0.038388,0.037647,-0.010747,0.038395,1.008920,-0.941116,2.326535,0.037647,-0.010747,0.038395,1.008921,-0.941116,2.326536,1.008920,-0.941116,2.326534,0.041358,-0.037810,1.010068,-0.942754,2.332315,1.010068,-0.942754,2.332315,0.000002,50
0.006244,-0.008910,0.031428,0.006244,-0.008910,0.031443,1.009129,-0.941413,2.327583,0.006244,-0.008910,0.031435,1.009129,-0.941413,2.327584,1.009129,-0.941413,2.327582,0.031347,-0.030826,0.992367,-0.943528,2.332315,0.992367,-0.943528,2.332315,0.000002,51
-0.091152,-0.011503,0.025713,-0.091149,-0.011500,0.025728,1.006090,-0.941796,2.328440,-0.091149,-0.011501,0.025721,1.006090,-0.941796,2.328441,1.006090,-0.941796,2.328440,0.025713,-0.025728,0.993956,-0.948213,2.349142,0.993956,-0.948213,2.349142,0.000001,52
-0.066004,-0.034890,0.112588,-0.066000,-0.034890,0.112596,1.003890,-0.942959,2.332193,-0.066000,-0.034890,0.112588,1.003890,-0.942959,2.332194,1.003890,-0.942959,2.332193,0.121907,-0.112596,1.000835,-0.937856,2.315728,1.000835,-0.937856,2.315728,0.000001,53
-0.016608,0.027759,-0.089543,-0.016615,0.027759,-0.089536,1.003336,-0.942034,2.329209,-0.016615,0.027759,-0.089536,1.003337,-0.942034,2.329209,1.003336,-0.942034,2.329208,-0.090897,0.089536,1.013247,-0.939133,2.315728,1.013247,-0.939133,2.315728,0.000001,54
0.053891,0.015771,-0.073335,0.053895,0.015771,-0.073328,1.005133,-0.941508,2.326765,0.053895,0.015771,-0.073328,1.005133,-0.941508,2.326765,1.005133,-0.941508,2.326764,-0.073335,0.073328,0.998547,-0.942790,2.332315,0.998547,-0.942790,2.332315,0.000001,55
-0.035813,-0.006974,0.030205,-0.035813,-0.006974,0.030205,1.003939,-0.941741,2.327771,-0.035813,-0.006974,0.030198,1.003939,-0.941741,2.327772,1.003939,-0.941741,2.327771,0.030205,-0.030205,1.010278,-0.939458,2.315728,1.010278,-0.939458,2.315728,0.000001,56
0.034475,0.012413,-0.065503,0.034479,0.012413,-0.065496,1.005088,-0.941327,2.325588,0.034475,0.012413,-0.065496,1.005088,-0.941327,2.325588,1.005088,-0.941327,2.325588,-0.065503,0.074001,1.009344,-0.939199,2.315728,1.009344,-0.939199,2.315728,0.000000,57
0.023139,0.011582,-0.053608,0.023135,0.011582,-0.053616,1.005860,-0.940941,2.323801,0.023139,0.011582,-0.053608,1.005860,-0.940941,2.323801,1.005860,-0.940941,2.323801,-0.053608,0.053616,1.012678,-0.943504,2.332315,1.012678,-0.943504,2.332315,0.000001,58
0.037079,-0.013951,0.046299,0.037079,-0.013951,0.046313,1.007096,-0.941406,2.325345,0.037079,-0.013951,0.046306,1.007096,-0.941406,2.325345,1.007096,-0.941406,2.325344,0.000000,-0.046313,1.001859,-0.942800,2.332315,1.001859,-0.942800,2.332315,0.000000,59
-0.028478,-0.007569,0.037909,-0.028478,-0.007569,0.037901,1.006146,-0.941658,2.326608,-0.028478,-0.007569,0.037901,1.006146,-0.941658,2.326608,1.006146,-0.941658,2.326608,0.037909,-0.037901,1.001835,-0.942102,2.332315,1.001835,-0.942102,2.332315,0.000000,60
-0.023435,-0.002418,0.031035,-0.023435,-0.002418,0.031042,1.005365,-0.941739,2.327642,-0.023435,-0.002418,0.031035,1.005365,-0.941739,2.327643,1.005365,-0.941739,2.327642,0.031035,0.000000,0.988633,-0.943079,2.332315,0.988633,-0.943079,2.332315,0.000000,61
-0.091009,-0.007292,0.025392,-0.091009,-0.007292,0.025399,1.002331,-0.941982,2.328489,-0.091009,-0.007292,0.025399,1.002331,-0.941982,2.328489,1.002331,-0.941982,2.328489,0.000000,0.000000,1.002783,-0.942785,2.332315,1.002783,-0.942785,2.332315,0.000000,62
0.002468,-0.004367,0.020814,0.002468,-0.004367,0.020807,1.002414,-0.942127,2.329183,0.002468,-0.004367,0.020807,1.002414,-0.942127,2.329183,1.002414,-0.942127,2.329183,0.020814,0.000000,1.008185,-0.938002,2.315728,1.008185,-0.938002,2.315728,0.000000,63
0.031382,0.022439,-0.073164,0.031382,0.022439,-0.073164,1.003460,-0.941379,2.326744,0.031382,0.022439,-0.073156,1.003460,-0.941379,2.326744,1.003460,-0.941379,2.326744,0.000000,0.073164,1.002520,-0.938477,2.315728,1.002520,-0.938477,2.315728,0.000000,64
-0.005111,0.015793,-0.059910,-0.005111,0.015793,-0.059903,1.003289,-0.940853,2.324747,-0.005111,0.015793,-0.059910,1.003289,-0.940853,2.324747,1.003289,-0.940853,2.324747,0.000000,0.000000,1.012849,-0.939071,2.315728,1.012849,-0.939071,2.315728,0.000000,65
0.051985,0.009694,-0.049031,0.051985,0.009694,-0.049031,1.005022,-0.940530,2.323113,0.051985,0.009694,-0.049031,1.005022,-0.940530,2.323113,1.005022,-0.940530,2.323113,0.000000,0.000000,1.008538,-0.939280,2.315728,1.008538,-0.939280,2.315728,0.000000,66
0.019112,0.006786,-0.040176,0.019112,0.006786,-0.040183,1.005659,-0.940304,2.321774,0.019112,0.006786,-0.040176,1.005659,-0.940304,2.321774,1.005659,-0.940304,2.321773,0.000000,0.040183,1.015584,-0.939342,2.315728,1.015584,-0.939342,2.315728,0.000000,67
0.053970,0.005243,-0.032887,0.053970,0.005243,-0.032880,1.007458,-0.940129,2.320677,0.053970,0.005243,-0.032887,1.007458,-0.940129,2.320677,1.007458,-0.940129,2.320677,0.000000,0.000000,0.997777,-0.946393,2.332315,0.997777,-0.946393,2.332315,0.000000,68
-0.052643,-0.034069,0.063293,-0.052643,-0.034069,0.063293,1.005704,-0.941265,2.322787,-0.052643,-0.034069,0.063293,1.005704,-0.941265,2.322787,1.005704,-0.941265,2.322787,0.000000,0.000000,1.003153,-0.938969,2.315728,1.003153,-0.938969,2.315728,0.000000,69
-0.013862,0.012483,-0.038381,-0.013862,0.012483,-0.038388,1.005242,-0.940849,2.321507,-0.013862,0.012483,-0.038388,1.005242,-0.940849,2.321508,1.005242,-0.940849,2.321507,-0.038381,0.000000,1.004747,-0.944242,2.332315,1.004747,-0.944242,2.332315,0.000000,70
-0.002689,-0.018452,0.058765,-0.002689,-0.018452,0.058765,1.005152,-0.941464,2.323466,-0.002689,-0.018452,0.058765,1.005152,-0.941464,2.323467,1.005152,-0.941464,2.323466,0.058765,0.000000,1.009874,-0.936854,2.315728,1.009874,-0.936854,2.315728,0.000000,71
0.025671,0.025072,-0.042078,0.025671,0.025072,-0.042071,1.006008,-0.940628,2.322064,0.025671,0.025072,-0.042071,1.006008,-0.940628,2.322064,1.006008,-0.940628,2.322064,0.000000,0.000000,1.008034,-0.937759,2.315728,1.008034,-0.937759,2.315728,0.000000,72
0.011029,0.015603,-0.034461,0.011029,0.015603,-0.034461,1.006375,-0.940108,2.320915,0.011029,0.015603,-0.034461,1.006375,-0.940108,2.320915,1.006375,-0.940108,2.320915,0.000000,0.000000,1.013977,-0.945730,2.332315,1.013977,-0.945730,2.332315,0.000000,73
0.041335,-0.030579,0.062013,0.041335,-0.030579,0.062013,1.007753,-0.941127,2.322982,0.041335,-0.030579,0.062013,1.007753,-0.941127,2.322982,1.007753,-0.941127,2.322982,0.000000,0.000000,0.999008,-0.937342,2.315728,0.999008,-0.937342,2.315728,0.000000,74
-0.047565,0.020580,-0.039468,-0.047565,0.020580,-0.039468,1.006168,-0.940441,2.321667,-0.047565,0.020580,-0.039468,1.006168,-0.940441,2.321667,1.006168,-0.940441,2.321667,0.000000,0.000000,0.985222,-0.940110,2.332315,0.985222,-0.940110,2.332315,0.000000,75
-0.113894,0.001802,0.057921,-0.113894,0.001802,0.057921,1.002371,-0.940381,2.323597,-0.113894,0.001802,0.057921,1.002371,-0.940381,2.323597,1.002371,-0.940381,2.323597,0.000000,0.000000,1.024630,-0.943900,2.332315,1.024630,-0.943900,2.332315,0.000000,76
0.121043,-0.019130,0.047386,0.121043,-0.019130,0.047386,1.006406,-0.941019,2.325177,0.121043,-0.019130,0.047386,1.006406,-0.941019,2.325177,1.006406,-0.941019,2.325177,0.000000,0.000000,1.017596,-0.937546,2.315728,1.017596,-0.937546,2.315728,0.000000,77
0.060854,0.018883,-0.051391,0.060854,0.018883,-0.051398,1.008434,-0.940389,2.323464,0.060854,0.018883,-0.051391,1.008434,-0.940389,2.323464,1.008434,-0.940389,2.323464,0.000000,0.051398,1.005534,-0.945549,2.349142,1.005534,-0.945549,2.349142,0.000000,78
-0.015771,-0.028052,0.139661,-0.015771,-0.028052,0.139661,1.007909,-0.941324,2.328119,-0.015771,-0.028052,0.139661,1.007909,-0.941324,2.328119,1.007909,-0.941324,2.328119,0.000000,-0.139661,0.997487,-0.937390,2.315728,0.997487,-0.937390,2.315728,0.000000,79
-0.056680,0.021392,-0.067406,-0.056680,0.021392,-0.067399,1.006019,-0.940611,2.325872,-0.056680,0.021392,-0.067406,1.006019,-0.940611,2.325872,1.006019,-0.940611,2.325872,0.000000,0.000000,1.015990,-0.938986,2.315728,1.015990,-0.938986,2.315728,0.000000,80
0.054216,0.008837,-0.055161,0.054216,0.008837,-0.055161,1.007826,-0.940317,2.324034,0.054216,0.008837,-0.055161,1.007826,-0.940317,2.324034,1.007826,-0.940317,2.324034,0.000000,0.000000,1.019605,-0.939728,2.315728,1.019605,-0.939728,2.315728,0.000000,81
0.064051,0.003204,-0.045176,0.064051,0.003204,-0.045176,1.009961,-0.940210,2.322528,0.064051,0.003204,-0.045176,1.009961,-0.940210,2.322528,1.009961,-0.940210,2.322528,0.000000,0.000000,1.008590,-0.938712,2.315728,1.008590,-0.938712,2.315728,0.000000,82
-0.007449,0.008145,-0.036979,-0.007449,0.008145,-0.036979,1.009713,-0.939938,2.321295,-0.007449,0.008145,-0.036979,1.009713,-0.939938,2.321295,1.009713,-0.939938,2.321295,0.000000,0.000000,1.005505,-0.938759,2.315728,1.005505,-0.938759,2.315728,0.000000,83
-0.022881,0.006412,-0.030270,-0.022881,0.006412,-0.030270,1.008950,-0.939725,2.320286,-0.022881,0.006412,-0.030270,1.008950,-0.939725,2.320286,1.008950,-0.939725,2.320286,0.000000,0.000000,1.008277,-0.937029,2.315728,1.008277,-0.937029,2.315728,0.000000,84
-0.003673,0.014670,-0.024805,-0.003673,0.014670,-0.024805,1.008828,-0.939236,2.319459,-0.003673,0.014670,-0.024805,1.008828,-0.939236,2.319459,1.008828,-0.939236,2.319459,0.000000,0.000000,1.013043,-0.938808,2.315728,1.013043,-0.938808,2.315728,0.000000,85
0.022920,0.002335,-0.020292,0.022920,0.002335,-0.020292,1.009592,-0.939158,2.318783,0.022920,0.002335,-0.020292,1.009592,-0.939158,2.318783,1.009592,-0.939158,2.318783,0.000000,0.000000,0.996432,-0.947866,2.349142,0.996432,-0.947866,2.349142,0.000000,86
-0.071558,-0.047357,0.165095,-0.071558,-0.047357,0.165095,1.007207,-0.940736,2.324286,-0.071558,-0.047357,0.165095,1.007207,-0.940736,2.324286,1.007207,-0.940736,2.324286,0.000000,0.000000,1.013477,-0.938902,2.315728,1.013477,-0.938902,2.315728,0.000000,87
0.034100,0.009981,-0.046542,0.034100,0.009981,-0.046542,1.008343,-0.940404,2.322735,0.034100,0.009981,-0.046542,1.008343,-0.940404,2.322735,1.008343,-0.940404,2.322735,0.000000,0.000000,0.979524,-0.947950,2.349142,0.979524,-0.947950,2.349142,0.000000,88
-0.156730,-0.041041,0.143602,-0.156730,-0.041041,0.143602,1.003119,-0.941772,2.327522,-0.156730,-0.041041,0.143602,1.003119,-0.941772,2.327522,1.003119,-0.941772,2.327522,0.000000,0.000000,1.012073,-0.939112,2.315728,1.012073,-0.939112,2.315728,0.000000,89
0.048695,0.014468,-0.064130,0.048695,0.014468,-0.064130,1.004742,-0.941289,2.325384,0.048695,0.014468,-0.064130,1.004742,-0.941289,2.325384,1.004742,-0.941289,2.325384,0.000000,0.000000,1.007266,-0.932697,2.299376,1.007266,-0.932697,2.299376,0.000000,90
0.013722,0.046726,-0.141442,0.013722,0.046726,-0.141442,1.005200,-0.939732,2.320669,0.013722,0.046726,-0.141442,1.005200,-0.939732,2.320669,1.005200,-0.939732,2.320669,0.000000,0.000000,0.991232,-0.943966,2.332315,0.991232,-0.943966,2.332315,0.000000,91
-0.075957,-0.023026,0.063314,-0.075957,-0.023026,0.063314,1.002668,-0.940499,2.322780,-0.075957,-0.023026,0.063314,1.002668,-0.940499,2.322780,1.002668,-0.940499,2.322780,0.000000,0.000000,1.007143,-0.942460,2.332315,1.007143,-0.942460,2.332315,0.000000,92
0.024340,-0.010664,0.051863,0.024340,-0.010664,0.051863,1.003479,-0.940855,2.324508,0.024340,-0.010664,0.051863,1.003479,-0.940855,2.324508,1.003479,-0.940855,2.324508,0.000000,0.000000,1.017596,-0.939600,2.315728,1.017596,-0.939600,2.315728,0.000000,93
0.076772,0.006834,-0.047758,0.076772,0.006834,-0.047758,1.006038,-0.940627,2.322917,0.076772,0.006834,-0.047758,1.006038,-0.940627,2.322917,1.006038,-0.940627,2.322917,0.000000,0.000000,1.004838,-0.939141,2.315728,1.004838,-0.939141,2.315728,0.000000,94
-0.006530,0.008086,-0.039089,-0.006530,0.008086,-0.039089,1.005821,-0.940358,2.321614,-0.006530,0.008086,-0.039089,1.005821,-0.940358,2.321614,1.005821,-0.940358,2.321614,0.000000,0.000000,1.006222,-0.943444,2.332315,1.006222,-0.943444,2.332315,0.000000,95
0.002182,-0.016789,0.058200,0.002182,-0.016789,0.058200,1.005893,-0.940917,2.323554,0.002182,-0.016789,0.058200,1.005893,-0.940917,2.323554,1.005893,-0.940917,2.323554,0.000000,0.000000,0.977735,-0.941460,2.332315,0.977735,-0.941460,2.332315,0.000000,96
-0.153133,-0.002956,0.047643,-0.153133,-0.002956,0.047643,1.000789,-0.941016,2.325142,-0.153133,-0.002956,0.047643,1.000789,-0.941016,2.325142,1.000789,-0.941016,2.325142,0.000000,0.000000,0.991964,-0.942665,2.332315,0.991964,-0.942665,2.332315,0.000000,97
-0.047990,-0.008964,0.039003,-0.047990,-0.008964,0.039003,0.999189,-0.941315,2.326442,-0.047990,-0.008964,0.039003,0.999189,-0.941315,2.326442,0.999189,-0.941315,2.326442,0.000000,0.000000,1.006777,-0.943739,2.332315,1.006777,-0.943739,2.332315,0.000000,98
0.041260,-0.013193,0.031943,0.041260,-0.013193,0.031943,1.000564,-0.941754,2.327507,0.041260,-0.013193,0.031943,1.000564,-0.941754,2.327507,1.000564,-0.941754,2.327507,0.000000,0.000000,0.978708,-0.943476,2.332315,0.978708,-0.943476,2.332315,0.000000,99
-0.118863,-0.009343,0.026128,-0.118863,-0.009343,0.026128,0.996602,-0.942066,2.328377,-0.118863,-0.009343,0.026128,0.996602,-0.942066,2.328377,0.996602,-0.942066,2.328377,0.000000,0.000000,1.007413,-0.946373,2.332315,1.007413,-0.946373,2.332315,0.000000,100
0.058796,-0.023421,0.021415,0.058796,-0.023421,0.021415,0.998562,-0.942846,2.329091,0.058796,-0.023421,0.021415,0.998562,-0.942846,2.329091,0.998562,-0.942846,2.329091,0.000000,0.000000,1.005246,-0.938944,2.315728,1.005246,-0.938944,2.315728,0.000000,101
0.036355,0.021225,-0.072670,0.036355,0.021225,-0.072670,0.999774,-0.942139,2.326669,0.036355,0.021225,-0.072670,0.999774,-0.942139,2.326669,0.999774,-0.942139,2.326669,0.000000,0.000000,1.014116,-0.943389,2.332315,1.014116,-0.943389,2.332315,0.000000,102
0.077975,-0.006802,0.030699,0.077975,-0.006802,0.030699,1.002373,-0.942366,2.327692,0.077975,-0.006802,0.030699,1.002373,-0.942366,2.327692,1.002373,-0.942366,2.327692,0.000000,0.000000,1.007332,-0.943704,2.332315,1.007332,-0.943704,2.332315,0.000000,103
0.026962,-0.007280,0.025141,0.026962,-0.007280,0.025141,1.003272,-0.942608,2.328530,0.026962,-0.007280,0.025141,1.003272,-0.942608,2.328530,1.003272,-0.942608,2.328530,0.000000,0.000000,1.004991,-0.951043,2.418947,1.004991,-0.951043,2.418947,0.000000,104
0.009359,-0.045869,0.491688,0.009359,-0.045869,0.491688,1.003584,-0.944137,2.344920,0.009359,-0.045869,0.491688,1.003584,-0.944137,2.344920,1.003584,-0.944137,2.344920,0.000000,0.000000,0.988382,-0.941997,2.383533,0.988382,-0.941997,2.383533,0.000000,105
-0.082676,0.011646,0.209963,-0.082676,0.011646,0.209963,1.000828,-0.943749,2.351919,-0.082676,0.011646,0.209963,1.000828,-0.943749,2.351919,1.000828,-0.943749,2.351919,0.000000,0.000000,1.001528,-0.957784,2.512263,1.001528,-0.957784,2.512263,0.000000,106
0.003809,-0.076316,0.871983,0.003809,-0.076316,0.871983,1.000955,-0.946293,2.380985,0.003809,-0.076316,0.871983,1.000955,-0.946293,2.380985,1.000955,-0.946293,2.380985,0.000000,0.000000,0.980863,-0.952303,2.512263,0.980863,-0.952303,2.512263,0.000000,107
-0.109271,-0.032678,0.713882,-0.109271,-0.032678,0.713882,0.997313,-0.947382,2.404781,-0.109271,-0.032678,0.713882,0.997313,-0.947382,2.404781,0.997313,-0.947382,2.404781,0.000000,0.000000,1.031541,-0.950829,2.592265,1.031541,-0.950829,2.592265,0.000000,108
0.186133,-0.018749,1.019547,0.186133,-0.018749,1.019547,1.003517,-0.948007,2.438766,0.186133,-0.018749,1.019547,1.003517,-0.948007,2.438766,1.003517,-0.948007,2.438766,0.000000,0.000000,1.031969,-0.950386,2.571790,1.031969,-0.950386,2.571790,0.000000,109
0.154728,-0.012939,0.723410,0.154728,-0.012939,0.723410,1.008675,-0.948438,2.462879,0.154728,-0.012939,0.723410,1.008675,-0.948438,2.462879,1.008675,-0.948438,2.462879,0.000000,0.000000,1.101244,-0.940380,2.592265,1.101244,-0.940380,2.592265,0.000000,110
0.503401,0.043827,0.703604,0.503401,0.043827,0.703604,1.025455,-0.946978,2.486333,0.503401,0.043827,0.703604,1.025455,-0.946978,2.486333,1.025455,-0.946978,2.486333,0.000000,0.000000,1.063194,-0.941450,2.677529,1.063194,-0.941450,2.677529,0.000000,111
0.205232,0.030060,1.039732,0.205232,0.030060,1.039732,1.032296,-0.945976,2.520991,0.205232,0.030060,1.039732,1.032296,-0.945976,2.520991,1.032296,-0.945976,2.520991,0.000000,0.000000,1.101649,-0.960010,2.841063,1.101649,-0.960010,2.841063,0.000000,112
0.377136,-0.076329,1.740582,0.377136,-0.076329,1.740582,1.044867,-0.948520,2.579010,0.377136,-0.076329,1.740582,1.044867,-0.948520,2.579010,1.044867,-0.948520,2.579010,0.000000,0.000000,0.727380,-0.506877,1.639469,0.727380,-0.506877,1.639469,0.000000,113
-1.726508,2.401704,-5.109315,-1.726508,2.401704,-5.109315,0.987317,-0.868463,2.408700,-1.726508,2.401704,-5.109315,0.987317,-0.868463,2.408700,0.987317,-0.868463,2.408700,0.000000,0.000000,1.023141,-0.678292,2.315728,1.023141,-0.678292,2.315728,0.000000,114
0.194805,1.034165,-0.505586,0.194805,1.034165,-0.505586,0.993810,-0.833991,2.391847,0.194805,1.034165,-0.505586,0.993810,-0.833991,2.391847,0.993810,-0.833991,2.391847,0.000000,0.000000,1.023745,-0.686216,2.332315,1.023745,-0.686216,2.332315,0.000000,115
0.162787,0.803617,-0.323732,0.162787,0.803617,-0.323732,0.999236,-0.807204,2.381056,0.162787,0.803617,-0.323732,0.999236,-0.807204,2.381056,0.999236,-0.807204,2.381056,0.000000,0.000000,1.045940,-0.715208,2.401110,1.045940,-0.715208,2.401110,0.000000,116
0.253978,0.500289,0.109055,0.253978,0.500289,0.109055,1.007702,-0.790527,2.384691,0.253978,0.500289,0.109055,1.007702,-0.790527,2.384691,1.007702,-0.790527,2.384691,0.000000,0.000000,1.067149,-0.727116,2.401110,1.067149,-0.727116,2.401110,0.000000,117
0.323281,0.344825,0.089285,0.323281,0.344825,0.089285,1.018478,-0.779033,2.387667,0.323281,0.344825,0.089285,1.018478,-0.779033,2.387667,1.018478,-0.779033,2.387667,0.000000,0.000000,1.073709,-0.735293,2.418947,1.073709,-0.735293,2.418947,0.000000,118
0.300336,0.237864,0.170109,0.300336,0.237864,0.170109,1.028490,-0.771104,2.393337,0.300336,0.237864,0.170109,1.028490,-0.771104,2.393337,1.028490,-0.771104,2.393337,0.000000,0.000000,1.162998,-0.790146,2.512263,1.162998,-0.790146,2.512263,0.000000,119
0.731478,-0.103548,0.646713,0.731478,-0.103548,0.646713,1.052872,-0.774556,2.414894,0.731478,-0.103548,0.646713,1.052872,-0.774556,2.414894,1.052872,-0.774556,2.414894,0.000000,0.000000,1.407267,-1.130161,3.335866,1.407267,-1.130161,3.335866,0.000000,120
1.927224,-1.933799,5.008314,1.927224,-1.933799,5.008314,1.117113,-0.839016,2.581838,1.927224,-1.933799,5.008314,1.117113,-0.839016,2.581838,1.117113,-0.839016,2.581838,0.000000,0.000000,1.410511,-1.144741,3.302037,1.410511,-1.144741,3.302037,0.000000,121
1.595503,-1.662551,3.916497,1.595503,-1.662551,3.916497,1.170296,-0.894434,2.712388,1.595503,-1.662551,3.916497,1.170296,-0.894434,2.712388,1.170296,-0.894434,2.712388,0.000000,0.000000,1.362923,-1.198919,3.370395,1.362923,-1.198919,3.370395,0.000000,122
1.047528,-1.655815,3.578281,1.047528,-1.655815,3.578281,1.205214,-0.949628,2.831664,1.047528,-1.655815,3.578281,1.205214,-0.949628,2.831664,1.205214,-0.949628,2.831664,0.000000,0.000000,1.276140,-1.309331,3.478408,1.276140,-1.309331,3.478408,0.000000,123
0.385702,-1.956083,3.517034,0.385702,-1.956083,3.517034,1.218071,-1.014831,2.948899,0.385702,-1.956083,3.517034,1.218071,-1.014831,2.948899,1.218071,-1.014831,2.948899,0.000000,0.000000,1.258997,-1.295435,3.441643,1.258997,-1.295435,3.441643,0.000000,124
0.222559,-1.525962,2.679563,0.222559,-1.525962,2.679563,1.225489,-1.065696,3.038217,0.222559,-1.525962,2.679563,1.225489,-1.065696,3.038217,1.225489,-1.065696,3.038217,0.000000,0.000000,1.254667,-1.326319,3.441643,1.254667,-1.326319,3.441643,0.000000,125
0.158672,-1.417272,2.193854,0.158672,-1.417272,2.193854,1.230778,-1.112939,3.111346,0.158672,-1.417272,2.193854,1.230778,-1.112939,3.111346,1.230778,-1.112939,3.111346,0.000000,0.000000,1.255556,-1.340753,3.441643,1.255556,-1.340753,3.441643,0.000000,126
0.134743,-1.238873,1.796157,0.134743,-1.238873,1.796157,1.235270,-1.154235,3.171218,0.134743,-1.238873,1.796157,1.235270,-1.154235,3.171218,1.235270,-1.154235,3.171218,0.000000,0.000000,1.228823,-1.382161,3.478408,1.228823,-1.382161,3.478408,0.000000,127
-0.035058,-1.239485,1.670523,-0.035058,-1.239485,1.670523,1.234101,-1.195551,3.226902,-0.035058,-1.239485,1.670523,1.234101,-1.195551,3.226902,1.234101,-1.195551,3.226902,0.000000,0.000000,1.276924,-1.317687,3.405646,1.276924,-1.317687,3.405646,0.000000,128
0.232869,-0.664190,0.972004,0.232869,-0.664190,0.972004,1.241864,-1.217690,3.259302,0.232869,-0.664190,0.972004,1.241864,-1.217690,3.259302,1.241864,-1.217690,3.259302,0.000000,0.000000,1.268841,-1.291952,3.441643,1.268841,-1.291952,3.441643,0.000000,129
0.146710,-0.403837,0.991573,0.146710,-0.403837,0.991573,1.246754,-1.231152,3.292354,0.146710,-0.403837,0.991573,1.246754,-1.231152,3.292354,1.246754,-1.231152,3.292354,0.000000,0.000000,1.268646,-1.301877,3.405646,1.268646,-1.301877,3.405646,0.000000,130
0.119047,-0.384604,0.616114,0.119047,-0.384604,0.616114,1.250722,-1.243972,3.312891,0.119047,-0.384604,0.616114,1.250722,-1.243972,3.312891,1.250722,-1.243972,3.312891,0.000000,0.000000,1.246230,-1.356740,3.405646,1.246230,-1.356740,3.405646,0.000000,131
-0.024437,-0.613250,0.504391,-0.024437,-0.613250,0.504391,1.249908,-1.264413,3.329705,-0.024437,-0.613250,0.504391,1.249908,-1.264413,3.329705,1.249908,-1.264413,3.329705,0.000000,0.000000,1.251023,-1.378731,3.441643,1.251023,-1.378731,3.441643,0.000000,132
0.006076,-0.621668,0.608704,0.006076,-0.621668,0.608704,1.250110,-1.285136,3.349995,0.006076,-0.621668,0.608704,1.250110,-1.285136,3.349995,1.250110,-1.285136,3.349995,0.000000,0.000000,1.239921,-1.368067,3.405646,1.239921,-1.368067,3.405646,0.000000,133
-0.055411,-0.450976,0.302653,-0.055411,-0.450976,0.302653,1.248263,-1.300168,3.360083,-0.055411,-0.450976,0.302653,1.248263,-1.300168,3.360083,1.248263,-1.300168,3.360083,0.000000,0.000000,1.272992,-1.337527,3.405646,1.272992,-1.337527,3.405646,0.000000,134
0.134479,-0.203158,0.247779,0.134479,-0.203158,0.247779,1.252746,-1.306940,3.368342,0.134479,-0.203158,0.247779,1.252746,-1.306940,3.368342,1.252746,-1.306940,3.368342,0.000000,0.000000,1.240112,-1.364349,3.405646,1.240112,-1.364349,3.405646,0.000000,135
-0.068693,-0.312181,0.202839,-0.068693,-0.312181,0.202839,1.250456,-1.317346,3.375104,-0.068693,-0.312181,0.202839,1.250456,-1.317346,3.375104,1.250456,-1.317346,3.375104,0.000000,0.000000,1.250329,-1.362737,3.405646,1.250329,-1.362737,3.405646,0.000000,136
-0.000705,-0.246853,0.166111,-0.000705,-0.246853,0.166111,1.250432,-1.325575,3.380641,-0.000705,-0.246853,0.166111,1.250432,-1.325575,3.380641,1.250432,-1.325575,3.380641,0.000000,0.000000,1.248273,-1.381037,3.441643,1.248273,-1.381037,3.441643,0.000000,137
-0.011734,-0.301591,0.331707,-0.011734,-0.301591,0.331707,1.250041,-1.335628,3.391698,-0.011734,-0.301591,0.331707,1.250041,-1.335628,3.391698,1.250041,-1.335628,3.391698,0.000000,0.000000,1.247069,-1.380855,3.441643,1.247069,-1.380855,3.441643,0.000000,138
-0.016168,-0.245948,0.271611,-0.016168,-0.245948,0.271611,1.249502,-1.343826,3.400751,-0.016168,-0.245948,0.271611,1.249502,-1.343826,3.400751,1.249502,-1.343826,3.400751,0.000000,0.000000,1.245928,-1.387887,3.441643,1.245928,-1.387887,3.441643,0.000000,139
-0.019441,-0.239611,0.222359,-0.019441,-0.239611,0.222359,1.248854,-1.351813,3.408163,-0.019441,-0.239611,0.222359,1.248854,-1.351813,3.408163,1.248854,-1.351813,3.408163,0.000000,0.000000,1.221843,-1.389851,3.441643,1.221843,-1.389851,3.441643,0.000000,140
-0.146896,-0.206856,0.182025,-0.146896,-0.206856,0.182025,1.243958,-1.358708,3.414231,-0.146896,-0.206856,0.182025,1.243958,-1.358708,3.414231,1.243958,-1.358708,3.414231,0.000000,0.000000,1.211808,-1.388971,3.441643,1.211808,-1.388971,3.441643,0.000000,141
-0.174834,-0.164570,0.149102,-0.174834,-0.164570,0.149102,1.238130,-1.364194,3.419201,-0.174834,-0.164570,0.149102,1.238130,-1.364194,3.419201,1.238130,-1.364194,3.419201,0.000000,0.000000,1.208203,-1.384707,3.478408,1.208203,-1.384707,3.478408,0.000000,142
-0.162746,-0.111555,0.321937,-0.162746,-0.111555,0.321937,1.232705,-1.367912,3.429932,-0.162746,-0.111555,0.321937,1.232705,-1.367912,3.429932,1.232705,-1.367912,3.429932,0.000000,0.000000,1.218569,-1.354721,3.441643,1.218569,-1.354721,3.441643,0.000000,143
-0.076872,0.071744,0.063686,-0.076872,0.071744,0.063686,1.230143,-1.365521,3.432055,-0.076872,0.071744,0.063686,1.230143,-1.365521,3.432055,1.230143,-1.365521,3.432055,0.000000,0.000000,0.267675,-0.264710,0.775996,0.267675,-0.264710,0.775996,0.000000,144
-5.233984,5.986290,-14.443860,-5.233984,5.986290,-14.443860,1.055677,-1.165978,2.950593,-5.233984,5.986290,-14.443860,1.055677,-1.165978,2.950593,1.055677,-1.165978,2.950593,0.000000,0.000000,1.060598,-1.019957,2.866070,1.060598,-1.019957,2.866070,0.000000,145
0.026768,0.794077,-0.459645,0.026768,0.794077,-0.459645,1.056569,-1.139508,2.935272,0.026768,0.794077,-0.459645,1.056569,-1.139508,2.935272,1.056569,-1.139508,2.935272,0.000000,0.000000,0.318794,-0.414712,1.235216,0.318794,-0.414712,1.235216,0.000000,146
-4.012075,3.941492,-9.245024,-4.012075,3.941492,-9.245024,0.922833,-1.008125,2.627104,-4.012075,3.941492,-9.245024,0.922833,-1.008125,2.627104,0.922833,-1.008125,2.627104,0.000000,0.000000,0.256764,-0.376782,1.152172,0.256764,-0.376782,1.152172,0.000000,147
-3.622141,3.433299,-8.020771,-3.622141,3.433299,-8.020771,0.802095,-0.893682,2.359745,-3.622141,3.433299,-8.020771,0.802095,-0.893682,2.359745,0.802095,-0.893682,2.359745,0.000000,0.000000,0.269936,-0.378736,1.148109,0.269936,-0.378736,1.148109,0.000000,148
-2.893919,2.800316,-6.589000,-2.893919,2.800316,-6.589000,0.705631,-0.800338,2.140112,-2.893919,2.800316,-6.589000,0.705631,-0.800338,2.140112,0.705631,-0.800338,2.140112,0.000000,0.000000,0.270313,-0.377415,1.144075,0.270313,-0.377415,1.144075,0.000000,149
-2.367294,2.299892,-5.416532,-2.367294,2.299892,-5.416532,0.626721,-0.723675,1.959561,-2.367294,2.299892,-5.416532,0.626721,-0.723675,1.959561,0.626721,-0.723675,1.959561,0.000000,0.000000,0.271966,-0.376151,1.140070,0.271966,-0.376151,1.140070,0.000000,150
-1.929182,1.889858,-4.456458,-1.929182,1.889858,-4.456458,0.562415,-0.660680,1.811012,-1.929182,1.889858,-4.456458,0.562415,-0.660680,1.811012,0.562415,-0.660680,1.811012,0.000000,0.000000,0.291655,-0.382865,1.148109,0.291655,-0.382865,1.148109,0.000000,151
-1.472422,1.510781,-3.604907,-1.472422,1.510781,-3.604907,0.513335,-0.610321,1.690848,-1.472422,1.510781,-3.604907,0.513335,-0.610321,1.690848,0.513335,-0.610321,1.690848,0.000000,0.000000,0.187989,-0.241150,0.820997,0.187989,-0.241150,0.820997,0.000000,152
-1.769254,2.007578,-4.730326,-1.769254,2.007578,-4.730326,0.454359,-0.543401,1.533171,-1.769254,2.007578,-4.730326,0.454359,-0.543401,1.533171,0.454359,-0.543401,1.533171,0.000000,0.000000,0.223859,-0.260359,0.806758,0.223859,-0.260359,0.806758,0.000000,153
-1.253474,1.539201,-3.950289,-1.253474,1.539201,-3.950289,0.412577,-0.492095,1.401495,-1.253474,1.539201,-3.950289,0.412577,-0.492095,1.401495,0.412577,-0.492095,1.401495,0.000000,0.000000,0.225688,-0.268619,0.810775,0.225688,-0.268619,0.810775,0.000000,154
-1.016319,1.215280,-3.212378,-1.016319,1.215280,-3.212378,0.378700,-0.451585,1.294415,-1.016319,1.215280,-3.212378,0.378700,-0.451585,1.294415,0.378700,-0.451585,1.294415,0.000000,0.000000,0.224988,-0.270315,0.923444,0.224988,-0.270315,0.923444,0.000000,155
-0.835901,0.985766,-2.017368,-0.835901,0.985766,-2.017368,0.350836,-0.418726,1.227170,-0.835901,0.985766,-2.017368,0.350836,-0.418726,1.227170,0.350836,-0.418726,1.227170,0.000000,0.000000,0.179954,-0.224136,0.823072,0.179954,-0.224136,0.823072,0.000000,156
-0.929271,1.058198,-2.197523,-0.929271,1.058198,-2.197523,0.319861,-0.383453,1.153919,-0.929271,1.058198,-2.197523,0.319861,-0.383453,1.153919,0.319861,-0.383453,1.153919,0.000000,0.000000,0.182390,-0.205896,0.820997,0.182390,-0.205896,0.820997,0.000000,157
-0.747580,0.965571,-1.810462,-0.747580,0.965571,-1.810462,0.294941,-0.351267,1.093570,-0.747580,0.965571,-1.810462,0.294941,-0.351267,1.093570,0.294941,-0.351267,1.093570,0.000000,0.000000,0.182170,-0.193898,0.827254,0.182170,-0.193898,0.827254,0.000000,158
-0.613256,0.855788,-1.448243,-0.613256,0.855788,-1.448243,0.274499,-0.322741,1.045295,-0.613256,0.855788,-1.448243,0.274499,-0.322741,1.045295,0.274499,-0.322741,1.045295,0.000000,0.000000,0.191266,-0.178376,0.846612,0.191266,-0.178376,0.846612,0.000000,159
-0.452634,0.785066,-1.080462,-0.452634,0.785066,-1.080462,0.259412,-0.296572,1.009280,-0.452634,0.785066,-1.080462,0.259412,-0.296572,1.009280,0.259412,-0.296572,1.009280,0.000000,0.000000,0.190191,-0.162219,0.862306,0.190191,-0.162219,0.862306,0.000000,160
-0.376428,0.730625,-0.799255,-0.376428,0.730625,-0.799255,0.246864,-0.272218,0.982638,-0.376428,0.730625,-0.799255,0.246864,-0.272218,0.982638,0.246864,-0.272218,0.982638,0.000000,0.000000,0.179272,-0.147566,0.873877,0.179272,-0.147566,0.873877,0.000000,161
-0.367568,0.677870,-0.591443,-0.367568,0.677870,-0.591443,0.234612,-0.249622,0.962923,-0.367568,0.677870,-0.591443,0.234612,-0.249622,0.962923,0.234612,-0.249622,0.962923,0.000000,0.000000,0.173178,-0.124781,0.878593,0.173178,-0.124781,0.878593,0.000000,162
-0.334084,0.678897,-0.458601,-0.334084,0.678897,-0.458601,0.223476,-0.226993,0.947637,-0.334084,0.678897,-0.458601,0.223476,-0.226993,0.947637,0.223476,-0.226993,0.947637,0.000000,0.000000,0.169562,-0.109660,0.883360,0.169562,-0.109660,0.883360,0.000000,163
-0.293187,0.638065,-0.349538,-0.293187,0.638065,-0.349538,0.213703,-0.205724,0.935986,-0.293187,0.638065,-0.349538,0.213703,-0.205724,0.935986,0.213703,-0.205724,0.935986,0.000000,0.000000,0.160975,-0.093989,0.880970,0.160975,-0.093989,0.880970,0.000000,164
-0.286742,0.607622,-0.299179,-0.286742,0.607622,-0.299179,0.204145,-0.185470,0.926013,-0.286742,0.607622,-0.299179,0.204145,-0.185470,0.926013,0.204145,-0.185470,0.926013,0.000000,0.000000,0.157507,-0.088530,0.885763,0.157507,-0.088530,0.885763,0.000000,165
-0.253619,0.527167,-0.218875,-0.253619,0.527167,-0.218875,0.195691,-0.167897,0.918717,-0.253619,0.527167,-0.218875,0.195691,-0.167897,0.918717,0.195691,-0.167897,0.918717,0.000000,0.000000,0.158601,-0.090062,0.883360,0.158601,-0.090062,0.883360,0.000000,166
-0.201703,0.423276,-0.192279,-0.201703,0.423276,-0.192279,0.188967,-0.153788,0.912308,-0.201703,0.423276,-0.192279,0.188967,-0.153788,0.912308,0.188967,-0.153788,0.912308,0.000000,0.000000,0.161310,-0.090471,0.880970,0.161310,-0.090471,0.880970,0.000000,167
-0.150397,0.344327,-0.170411,-0.150397,0.344327,-0.170411,0.183954,-0.142311,0.906627,-0.150397,0.344327,-0.170411,0.183954,-0.142311,0.906627,0.183954,-0.142311,0.906627,0.000000,0.000000,0.160644,-0.092336,0.878593,0.160644,-0.092336,0.878593,0.000000,168
-0.126763,0.271767,-0.152455,-0.126763,0.271767,-0.152455,0.179729,-0.133252,0.901546,-0.126763,0.271767,-0.152455,0.179729,-0.133252,0.901546,0.179729,-0.133252,0.901546,0.000000,0.000000,0.177324,-0.109441,0.855510,0.177324,-0.109441,0.855510,0.000000,169
-0.013079,0.129483,-0.250354,-0.013079,0.129483,-0.250354,0.179293,-0.128936,0.893200,-0.013079,0.129483,-0.250354,0.179293,-0.128936,0.893200,0.179293,-0.128936,0.893200,0.000000,0.000000,0.222399,-0.131325,0.818932,0.222399,-0.131325,0.818932,0.000000,170
0.234417,-0.012993,-0.403875,0.234417,-0.012993,-0.403875,0.187107,-0.129369,0.879738,0.234417,-0.012993,-0.403875,0.187107,-0.129369,0.879738,0.187107,-0.129369,0.879738,0.000000,0.000000,0.245569,-0.150514,0.800806,0.245569,-0.150514,0.800806,0.000000,171
0.317925,-0.114990,-0.429243,0.317925,-0.114990,-0.429243,0.197704,-0.133202,0.865430,0.317925,-0.114990,-0.429243,0.197704,-0.133202,0.865430,0.197704,-0.133202,0.865430,0.000000,0.000000,0.256103,-0.161675,0.791078,0.256103,-0.161675,0.791078,0.000000,172
0.317579,-0.154839,-0.404330,0.317579,-0.154839,-0.404330,0.208290,-0.138363,0.851952,0.317579,-0.154839,-0.404330,0.208290,-0.138363,0.851952,0.208290,-0.138363,0.851952,0.000000,0.000000,0.272641,-0.167580,0.783464,0.272641,-0.167580,0.783464,0.000000,173
0.349939,-0.158880,-0.372448,0.349939,-0.158880,-0.372448,0.219955,-0.143659,0.839537,0.349939,-0.158880,-0.372448,0.219955,-0.143659,0.839537,0.219955,-0.143659,0.839537,0.000000,0.000000,0.289902,-0.173735,0.772315,0.289902,-0.173735,0.772315,0.000000,174
0.380382,-0.163556,-0.365560,0.380382,-0.163556,-0.365560,0.232634,-0.149111,0.827352,0.380382,-0.163556,-0.365560,0.232634,-0.149111,0.827352,0.232634,-0.149111,0.827352,0.000000,0.000000,0.294971,-0.176062,0.770487,0.294971,-0.176062,0.770487,0.000000,175
0.338992,-0.146559,-0.309237,0.338992,-0.146559,-0.309237,0.243934,-0.153996,0.817044,0.338992,-0.146559,-0.309237,0.243934,-0.153996,0.817044,0.243934,-0.153996,0.817044,0.000000,0.000000,0.295031,-0.174766,0.772315,0.295031,-0.174766,0.772315,0.000000,176
0.277871,-0.112948,-0.243239,0.277871,-0.112948,-0.243239,0.253196,-0.157761,0.808936,0.277871,-0.112948,-0.243239,0.253196,-0.157761,0.808936,0.253196,-0.157761,0.808936,0.000000,0.000000,0.283109,-0.176384,0.781584,0.283109,-0.176384,0.781584,0.000000,177
0.162667,-0.101273,-0.148746,0.162667,-0.101273,-0.148746,0.258618,-0.161137,0.803978,0.162667,-0.101273,-0.148746,0.258618,-0.161137,0.803978,0.258618,-0.161137,0.803978,0.000000,0.000000,0.547217,-0.405861,1.664613,0.547217,-0.405861,1.664613,0.000000,178
1.569418,-1.330830,4.680195,1.569418,-1.330830,4.680195,0.310932,-0.205498,0.959984,1.569418,-1.330830,4.680195,0.310932,-0.205498,0.959984,0.310932,-0.205498,0.959984,0.000000,0.000000,0.322499,-0.299983,1.194436,0.322499,-0.299983,1.194436,0.000000,179
0.062899,-0.513816,1.274976,0.062899,-0.513816,1.274976,0.313029,-0.222625,1.002483,0.062899,-0.513816,1.274976,0.313029,-0.222625,1.002483,0.313029,-0.222625,1.002483,0.000000,0.000000,0.302329,-0.303791,1.190071,0.302329,-0.303791,1.190071,0.000000,180
-0.058182,-0.441382,1.020112,-0.058182,-0.441382,1.020112,0.311089,-0.237338,1.036487,-0.058182,-0.441382,1.020112,0.311089,-0.237338,1.036487,0.311089,-0.237338,1.036487,0.000000,0.000000,0.301681,-0.312053,1.194436,0.301681,-0.312053,1.194436,0.000000,181
-0.051169,-0.406307,0.858929,-0.051169,-0.406307,0.858929,0.309384,-0.250881,1.065118,-0.051169,-0.406307,0.858929,0.309384,-0.250881,1.065118,0.309384,-0.250881,1.065118,0.000000,0.000000,0.308170,-0.339658,1.190071,0.308170,-0.339658,1.190071,0.000000,182
-0.006598,-0.482773,0.679504,-0.006598,-0.482773,0.679504,0.309164,-0.266974,1.087768,-0.006598,-0.482773,0.679504,0.309164,-0.266974,1.087768,0.309164,-0.266974,1.087768,0.000000,0.000000,0.303283,-0.376661,1.190071,0.303283,-0.376661,1.190071,0.000000,183
-0.031981,-0.596486,0.556333,-0.031981,-0.596486,0.556333,0.308098,-0.286857,1.106313,-0.031981,-0.596486,0.556333,0.308098,-0.286857,1.106313,0.308098,-0.286857,1.106313,0.000000,0.000000,0.304103,-0.376259,1.190071,0.304103,-0.376259,1.190071,0.000000,184
-0.021724,-0.486177,0.455482,-0.021724,-0.486177,0.455482,0.307374,-0.303063,1.121495,-0.021724,-0.486177,0.455482,0.307374,-0.303063,1.121495,0.307374,-0.303063,1.121495,0.000000,0.000000,0.290350,-0.370345,1.177164,0.290350,-0.370345,1.177164,0.000000,185
-0.092580,-0.365886,0.302728,-0.092580,-0.365886,0.302728,0.304288,-0.315259,1.131586,-0.092580,-0.365886,0.302728,0.304288,-0.315259,1.131586,0.304288,-0.315259,1.131586,0.000000,0.000000,0.276713,-0.379709,1.156263,0.276713,-0.379709,1.156263,0.000000,186
-0.149952,-0.350487,0.134189,-0.149952,-0.350487,0.134189,0.299289,-0.326942,1.136059,-0.149952,-0.350487,0.134189,0.299289,-0.326942,1.136059,0.299289,-0.326942,1.136059,0.000000,0.000000,0.240910,-0.370102,1.185737,0.240910,-0.370102,1.185737,0.000000,187
-0.317475,-0.234708,0.270152,-0.317475,-0.234708,0.270152,0.288707,-0.334765,1.145064,-0.317475,-0.234708,0.270152,0.288707,-0.334765,1.145064,0.288707,-0.334765,1.145064,0.000000,0.000000,0.237546,-0.367200,1.198834,0.237546,-0.367200,1.198834,0.000000,188
-0.278220,-0.176385,0.292382,-0.278220,-0.176385,0.292382,0.279433,-0.340645,1.154811,-0.278220,-0.176385,0.292382,0.279433,-0.340645,1.154811,0.279433,-0.340645,1.154811,0.000000,0.000000,0.251500,-0.353321,1.194436,0.251500,-0.353321,1.194436,0.000000,189
-0.151903,-0.068934,0.215499,-0.151903,-0.068934,0.215499,0.274369,-0.342943,1.161994,-0.151903,-0.068934,0.215499,0.274369,-0.342943,1.161994,0.274369,-0.342943,1.161994,0.000000,0.000000,0.161996,-0.273197,0.928711,0.161996,-0.273197,0.928711,0.000000,190
-0.611093,0.379283,-1.268613,-0.611093,0.379283,-1.268613,0.254000,-0.330300,1.119707,-0.611093,0.379283,-1.268613,0.254000,-0.330300,1.119707,0.254000,-0.330300,1.119707,0.000000,0.000000,0.175452,-0.272152,0.939429,0.175452,-0.272152,0.939429,0.000000,191
-0.427144,0.316215,-0.980365,-0.427144,0.316215,-0.980365,0.239761,-0.319759,1.087028,-0.427144,0.316215,-0.980365,0.239761,-0.319759,1.087028,0.239761,-0.319759,1.087028,0.000000,0.000000,0.187639,-0.245905,0.926070,0.187639,-0.245905,0.926070,0.000000,192
-0.283452,0.401623,-0.875309,-0.283452,0.401623,-0.875309,0.230313,-0.306372,1.057851,-0.283452,0.401623,-0.875309,0.230313,-0.306372,1.057851,0.230313,-0.306372,1.057851,0.000000,0.000000,0.255170,-0.186098,0.873877,0.255170,-0.186098,0.873877,0.000000,193
0.135173,0.654063,-1.000471,0.135173,0.654063,-1.000471,0.234819,-0.284570,1.024502,0.135173,0.654063,-1.000471,0.234819,-0.284570,1.024502,0.234819,-0.284570,1.024502,0.000000,0.000000,0.264950,-0.189106,0.869212,0.264950,-0.189106,0.869212,0.000000,194
0.163856,0.519142,-0.844481,0.163856,0.519142,-0.844481,0.240281,-0.267265,0.996353,0.163856,0.519142,-0.844481,0.240281,-0.267265,0.996353,0.240281,-0.267265,0.996353,0.000000,0.000000,0.272189,-0.191073,0.864596,0.272189,-0.191073,0.864596,0.000000,195
0.173519,0.414342,-0.716495,0.173519,0.414342,-0.716495,0.246065,-0.253454,0.972469,0.173519,0.414342,-0.716495,0.246065,-0.253454,0.972469,0.246065,-0.253454,0.972469,0.000000,0.000000,0.266000,-0.192969,0.866898,0.266000,-0.192969,0.866898,0.000000,196
0.108410,0.328920,-0.574114,0.108410,0.328920,-0.574114,0.249678,-0.242490,0.953332,0.108410,0.328920,-0.574114,0.249678,-0.242490,0.953332,0.249678,-0.242490,0.953332,0.000000,0.000000,0.225551,-0.178220,0.902957,0.225551,-0.178220,0.902957,0.000000,197
-0.131207,0.349503,-0.273939,-0.131207,0.349503,-0.273939,0.245305,-0.230840,0.944201,-0.131207,0.349503,-0.273939,0.245305,-0.230840,0.944201,0.245305,-0.230840,0.944201,0.000000,0.000000,0.190643,-0.175501,0.955977,0.190643,-0.175501,0.955977,0.000000,198
-0.297259,0.300934,0.064031,-0.297259,0.300934,0.064031,0.235396,-0.220808,0.946335,-0.297259,0.300934,0.064031,0.235396,-0.220808,0.946335,0.235396,-0.220808,0.946335,0.000000,0.000000,0.159238,-0.178926,0.910532,0.159238,-0.178926,0.910532,0.000000,199
-0.414151,0.227757,-0.194691,-0.414151,0.227757,-0.194691,0.221591,-0.213217,0.939846,-0.414151,0.227757,-0.194691,0.221591,-0.213217,0.939846,0.221591,-0.213217,0.939846,0.000000,0.000000,0.166838,-0.179698,0.880970,0.166838,-0.179698,0.880970,0.000000,200
-0.297752,0.182284,-0.320177,-0.297752,0.182284,-0.320177,0.211666,-0.207140,0.929173,-0.297752,0.182284,-0.320177,0.211666,-0.207140,0.929173,0.211666,-0.207140,0.929173,0.000000,0.000000,0.160465,-0.177980,0.876229,0.160465,-0.177980,0.876229,0.000000,201
-0.278436,0.158581,-0.287917,-0.278436,0.158581,-0.287917,0.202385,-0.201854,0.919576,-0.278436,0.158581,-0.287917,0.202385,-0.201854,0.919576,0.202385,-0.201854,0.919576,0.000000,0.000000,0.138226,-0.179901,0.873877,0.138226,-0.179901,0.873877,0.000000,202
-0.348899,0.119378,-0.248519,-0.348899,0.119378,-0.248519,0.190755,-0.197875,0.911292,-0.348899,0.119378,-0.248519,0.190755,-0.197875,0.911292,0.190755,-0.197875,0.911292,0.000000,0.000000,0.134070,-0.180137,0.873877,0.134070,-0.180137,0.873877,0.000000,203
-0.308257,0.096465,-0.203465,-0.308257,0.096465,-0.203465,0.180480,-0.194660,0.904510,-0.308257,0.096465,-0.203465,0.180480,-0.194660,0.904510,0.180480,-0.194660,0.904510,0.000000,0.000000,0.097459,-0.196729,0.878593,0.097459,-0.196729,0.878593,0.000000,204
-0.451470,-0.011254,-0.140941,-0.451470,-0.011254,-0.140941,0.165431,-0.195035,0.899812,-0.451470,-0.011254,-0.140941,0.165431,-0.195035,0.899812,0.165431,-0.195035,0.899812,0.000000,0.000000,0.057339,-0.210560,0.890609,0.057339,-0.210560,0.890609,0.000000,205
-0.587814,-0.084431,-0.050045,-0.587814,-0.084431,-0.050045,0.145837,-0.197849,0.898143,-0.587814,-0.084431,-0.050045,0.145837,-0.197849,0.898143,0.145837,-0.197849,0.898143,0.000000,0.000000,0.002179,-0.199950,0.926070,0.002179,-0.199950,0.926070,0.000000,206
-0.781224,-0.011422,0.151860,-0.781224,-0.011422,0.151860,0.119796,-0.198230,0.903205,-0.781224,-0.011422,0.151860,0.119796,-0.198230,0.903205,0.119796,-0.198230,0.903205,0.000000,0.000000,-0.014105,-0.482047,2.383533,-0.014105,-0.482047,2.383533,0.000000,207
-0.728162,-1.543421,8.050140,-0.728162,-1.543421,8.050140,0.095524,-0.249677,1.171543,-0.728162,-1.543421,8.050140,0.095524,-0.249677,1.171543,0.095524,-0.249677,1.171543,0.000000,0.000000,-0.067855,-0.433447,2.251674,-0.067855,-0.433447,2.251674,0.000000,208
-0.888466,-0.999353,5.873827,-0.888466,-0.999353,5.873827,0.065908,-0.282989,1.367338,-0.888466,-0.999353,5.873827,0.065908,-0.282989,1.367338,0.065908,-0.282989,1.367338,0.000000,0.000000,-0.138456,-0.424132,2.106039,-0.138456,-0.424132,2.106039,0.000000,209
-1.111350,-0.767544,4.017119,-1.111350,-0.767544,4.017119,0.028863,-0.308574,1.501242,-1.111350,-0.767544,4.017119,0.028863,-0.308574,1.501242,0.028863,-0.308574,1.501242,0.000000,0.000000,-0.245739,-0.383671,1.854193,-0.245739,-0.383671,1.854193,0.000000,210
-1.493308,-0.408383,1.919374,-1.493308,-0.408383,1.919374,-0.020914,-0.322187,1.565221,-1.493308,-0.408383,1.919374,-0.020914,-0.322187,1.565221,-0.020914,-0.322187,1.565221,0.000000,0.000000,-0.294035,-0.390476,1.726393,-0.294035,-0.390476,1.726393,0.000000,211
-1.485259,-0.371357,0.876449,-1.485259,-0.371357,0.876449,-0.070422,-0.334565,1.594436,-1.485259,-0.371357,0.876449,-0.070422,-0.334565,1.594436,-0.070422,-0.334565,1.594436,0.000000,0.000000,-0.338570,-0.377066,1.631256,-0.338570,-0.377066,1.631256,0.000000,212
-1.458211,-0.231123,0.200236,-1.458211,-0.231123,0.200236,-0.119029,-0.342269,1.601110,-1.458211,-0.231123,0.200236,-0.119029,-0.342269,1.601110,-0.119029,-0.342269,1.601110,0.000000,0.000000,-0.351259,-0.343874,1.599209,-0.351259,-0.343874,1.599209,0.000000,213
-1.262882,-0.008724,-0.010346,-1.262882,-0.008724,-0.010346,-0.161125,-0.342560,1.600765,-1.262882,-0.008724,-0.010346,-0.161125,-0.342560,1.600765,-0.161125,-0.342560,1.600765,0.000000,0.000000,-0.293065,-0.367805,1.783116,-0.293065,-0.367805,1.783116,0.000000,214
-0.717497,-0.137286,0.991645,-0.717497,-0.137286,0.991645,-0.185042,-0.347136,1.633820,-0.717497,-0.137286,0.991645,-0.185042,-0.347136,1.633820,-0.185042,-0.347136,1.633820,0.000000,0.000000,-0.334925,-0.364477,1.699363,-0.334925,-0.364477,1.699363,0.000000,215
-0.815073,-0.094300,0.356426,-0.815073,-0.094300,0.356426,-0.212211,-0.350280,1.645701,-0.815073,-0.094300,0.356426,-0.212211,-0.350280,1.645701,-0.212211,-0.350280,1.645701,0.000000,0.000000,-0.311231,-0.365660,1.717288,-0.311231,-0.365660,1.717288,0.000000,216
-0.538482,-0.083638,0.389285,-0.538482,-0.083638,0.389285,-0.230160,-0.353068,1.658677,-0.538482,-0.083638,0.389285,-0.230160,-0.353068,1.658677,-0.230160,-0.353068,1.658677,0.000000,0.000000,-0.123051,-0.209685,1.044945,-0.123051,-0.209685,1.044945,0.000000,217
0.582467,0.779725,-3.337526,0.582467,0.779725,-3.337526,-0.210745,-0.327077,1.547426,0.582467,0.779725,-3.337526,-0.210745,-0.327077,1.547426,-0.210745,-0.327077,1.547426,0.000000,0.000000,-0.084697,-0.229388,1.031702,-0.084697,-0.229388,1.031702,0.000000,218
0.685454,0.531243,-2.804554,0.685454,0.531243,-2.804554,-0.187896,-0.309369,1.453941,0.685454,0.531243,-2.804554,-0.187896,-0.309369,1.453941,-0.187896,-0.309369,1.453941,0.000000,0.000000,-0.079904,-0.260118,1.018790,-0.079904,-0.260118,1.018790,0.000000,219
0.587272,0.267828,-2.366384,0.587272,0.267828,-2.366384,-0.168321,-0.300441,1.375062,0.587272,0.267828,-2.366384,-0.168321,-0.300441,1.375062,-0.168321,-0.300441,1.375062,0.000000,0.000000,-0.080897,-0.288824,1.021987,-0.080897,-0.288824,1.021987,0.000000,220
0.475416,0.063176,-1.920047,0.475416,0.063176,-1.920047,-0.152473,-0.298335,1.311060,0.475416,0.063176,-1.920047,-0.152473,-0.298335,1.311060,-0.152473,-0.298335,1.311060,0.000000,0.000000,-0.094153,-0.315138,1.038281,-0.094153,-0.315138,1.038281,0.000000,221
0.317151,-0.091373,-1.483394,0.317151,-0.091373,-1.483394,-0.141902,-0.301381,1.261614,0.317151,-0.091373,-1.483394,-0.141902,-0.301381,1.261614,-0.141902,-0.301381,1.261614,0.000000,0.000000,-0.095105,-0.319663,1.034981,-0.095105,-0.319663,1.034981,0.000000,222
0.254482,-0.099415,-1.232461,0.254482,-0.099415,-1.232461,-0.133419,-0.304695,1.220532,0.254482,-0.099415,-1.232461,-0.133419,-0.304695,1.220532,-0.133419,-0.304695,1.220532,0.000000,0.000000,-0.095303,-0.320515,1.034981,-0.095303,-0.320515,1.034981,0.000000,223
0.207275,-0.086031,-1.009033,0.207275,-0.086031,-1.009033,-0.126510,-0.307563,1.186897,0.207275,-0.086031,-1.009033,-0.126510,-0.307563,1.186897,-0.126510,-0.307563,1.186897,0.000000,0.000000,-0.096576,-0.319560,1.034981,-0.096576,-0.319560,1.034981,0.000000,224
0.162780,-0.065242,-0.826135,0.162780,-0.065242,-0.826135,-0.121084,-0.309737,1.159360,0.162780,-0.065242,-0.826135,-0.121084,-0.309737,1.159360,-0.121084,-0.309737,1.159360,0.000000,0.000000,-0.096339,-0.315427,1.034981,-0.096339,-0.315427,1.034981,0.000000,225
0.134561,-0.030942,-0.676385,0.134561,-0.030942,-0.676385,-0.116598,-0.310769,1.136813,0.134561,-0.030942,-0.676385,-0.116598,-0.310769,1.136813,-0.116598,-0.310769,1.136813,0.000000,0.000000,-0.096806,-0.309393,1.031702,-0.096806,-0.309393,1.031702,0.000000,226
0.107633,0.007481,-0.571618,0.107633,0.007481,-0.571618,-0.113011,-0.310519,1.117759,0.107633,0.007481,-0.571618,-0.113011,-0.310519,1.117759,-0.113011,-0.310519,1.117759,0.000000,0.000000,-0.146270,-0.336751,1.190071,-0.146270,-0.336751,1.190071,0.000000,227
-0.180864,-0.142643,0.393237,-0.180864,-0.142643,0.393237,-0.119039,-0.315274,1.130867,-0.180864,-0.142643,0.393237,-0.119039,-0.315274,1.130867,-0.119039,-0.315274,1.130867,0.000000,0.000000,-0.219485,-0.306944,1.370376,-0.219485,-0.306944,1.370376,0.000000,228
-0.546230,0.045292,1.302463,-0.546230,0.045292,1.302463,-0.137247,-0.313764,1.174283,-0.546230,0.045292,1.302463,-0.137247,-0.313764,1.174283,-0.137247,-0.313764,1.174283,0.000000,0.000000,-0.304486,-0.394274,1.708278,-0.304486,-0.394274,1.708278,0.000000,229
-0.909458,-0.437813,2.903906,-0.909458,-0.437813,2.903906,-0.167562,-0.328358,1.271080,-0.909458,-0.437813,2.903906,-0.167562,-0.328358,1.271080,-0.167562,-0.328358,1.271080,0.000000,0.000000,-0.319839,-0.392126,1.664613,-0.319839,-0.392126,1.664613,0.000000,230
-0.828096,-0.346774,2.140070,-0.828096,-0.346774,2.140070,-0.195166,-0.339917,1.342415,-0.828096,-0.346774,2.140070,-0.195166,-0.339917,1.342415,-0.195166,-0.339917,1.342415,0.000000,0.000000,-0.327953,-0.384548,1.647766,-0.327953,-0.384548,1.647766,0.000000,231
-0.722111,-0.242706,1.660513,-0.722111,-0.242706,1.660513,-0.219236,-0.348007,1.397766,-0.722111,-0.242706,1.660513,-0.219236,-0.348007,1.397766,-0.219236,-0.348007,1.397766,0.000000,0.000000,-0.329403,-0.386430,1.656147,-0.329403,-0.386430,1.656147,0.000000,232
-0.599098,-0.208946,1.405091,-0.599098,-0.208946,1.405091,-0.239206,-0.354972,1.444602,-0.599098,-0.208946,1.405091,-0.239206,-0.354972,1.444602,-0.239206,-0.354972,1.444602,0.000000,0.000000,-0.326632,-0.387674,1.656147,-0.326632,-0.387674,1.656147,0.000000,233
-0.475424,-0.177832,1.150385,-0.475424,-0.177832,1.150385,-0.255053,-0.360900,1.482948,-0.475424,-0.177832,1.150385,-0.255053,-0.360900,1.482948,-0.255053,-0.360900,1.482948,0.000000,0.000000,-0.345838,-0.407425,1.615074,-0.345838,-0.407425,1.615074,0.000000,234
-0.493695,-0.253001,0.718507,-0.493695,-0.253001,0.718507,-0.271510,-0.369333,1.506899,-0.493695,-0.253001,0.718507,-0.271510,-0.369333,1.506899,-0.271510,-0.369333,1.506899,0.000000,0.000000,-0.357878,-0.415520,1.591393,-0.357878,-0.415520,1.591393,0.000000,235
-0.469683,-0.251166,0.459498,-0.469683,-0.251166,0.459498,-0.287166,-0.377706,1.522215,-0.469683,-0.251166,0.459498,-0.287166,-0.377706,1.522215,-0.287166,-0.377706,1.522215,0.000000,0.000000,-0.368776,-0.418992,1.575989,-0.368776,-0.418992,1.575989,0.000000,236
-0.443797,-0.224520,0.292432,-0.443797,-0.224520,0.292432,-0.301959,-0.385190,1.531963,-0.443797,-0.224520,0.292432,-0.301959,-0.385190,1.531963,-0.301959,-0.385190,1.531963,0.000000,0.000000,-0.375830,-0.419228,1.553433,-0.375830,-0.419228,1.553433,0.000000,237
-0.401719,-0.185105,0.116751,-0.401719,-0.185105,0.116751,-0.315350,-0.391360,1.535855,-0.401719,-0.185105,0.116751,-0.315350,-0.391360,1.535855,-0.315350,-0.391360,1.535855,0.000000,0.000000,-0.382359,-0.450817,1.568398,-0.382359,-0.450817,1.568398,0.000000,238
-0.364400,-0.323328,0.176936,-0.364400,-0.323328,0.176936,-0.327496,-0.402137,1.541752,-0.364400,-0.323328,0.176936,-0.327496,-0.402137,1.541752,-0.327496,-0.402137,1.541752,0.000000,0.000000,-0.382167,-0.457886,1.560879,-0.382167,-0.457886,1.560879,0.000000,239
-0.297301,-0.303171,0.104027,-0.297301,-0.303171,0.104027,-0.337407,-0.412243,1.545220,-0.297301,-0.303171,0.104027,-0.337407,-0.412243,1.545220,-0.337407,-0.412243,1.545220,0.000000,0.000000,-0.385879,-0.458931,1.546057,-0.385879,-0.458931,1.546057,0.000000,240
-0.263597,-0.253887,0.004549,-0.263597,-0.253887,0.004549,-0.346193,-0.420706,1.545372,-0.263597,-0.253887,0.004549,-0.346193,-0.420706,1.545372,-0.346193,-0.420706,1.545372,0.000000,0.000000,-0.298693,-0.358236,1.203264,-0.298693,-0.358236,1.203264,0.000000,241
0.258310,0.339713,-1.860409,0.258310,0.339713,-1.860409,-0.337583,-0.409382,1.483358,0.258310,0.339713,-1.860409,-0.337583,-0.409382,1.483358,-0.337583,-0.409382,1.483358,0.000000,0.000000,-0.220302,-0.349782,1.072479,-0.220302,-0.349782,1.072479,0.000000,242
0.637777,0.324108,-2.234387,0.637777,0.324108,-2.234387,-0.316324,-0.398579,1.408878,0.637777,0.324108,-2.234387,-0.316324,-0.398579,1.408878,-0.316324,-0.398579,1.408878,0.000000,0.000000,-0.213680,-0.323477,0.953179,-0.213680,-0.323477,0.953179,0.000000,243
0.558187,0.408413,-2.478139,0.558187,0.408413,-2.478139,-0.297717,-0.384965,1.326274,0.558187,0.408413,-2.478139,-0.297717,-0.384965,1.326274,-0.297717,-0.384965,1.326274,0.000000,0.000000,-0.126303,-0.306566,0.936726,-0.126303,-0.306566,0.936726,0.000000,244
0.932166,0.426339,-2.118380,0.932166,0.426339,-2.118380,-0.266645,-0.370754,1.255661,0.932166,0.426339,-2.118380,-0.266645,-0.370754,1.255661,-0.266645,-0.370754,1.255661,0.000000,0.000000,-0.078565,-0.320951,0.950397,-0.078565,-0.320951,0.950397,0.000000,245
