h1x_velocity,h1y_velocity,h1z_velocity,h2x_velocity,h2y_velocity,h2z_velocity,center_x,center_y,center_z,center_x_velocity,center_y_velocity,center_z_velocity,h1x_position,h1y_position,h1z_position,h2x_position,h2y_position,h2z_position
0.000000,0.000000,0.000000,0.000000,0.000000,0.000000,-0.174099,-0.270347,0.860388,0.000000,0.000000,0.000000,-0.174099,-0.270347,0.860388,-0.174025,-0.270063,0.860424
0.000000,0.000000,0.000000,0.000000,0.000000,0.000000,-0.169571,-0.270571,0.856703,0.000000,0.000000,0.000000,-0.169571,-0.270571,0.856703,-0.169511,-0.270339,0.856732
0.000000,0.000000,0.000000,0.000000,0.000000,0.000000,-0.165624,-0.270990,0.853686,0.000000,0.000000,0.000000,-0.165624,-0.270990,0.853686,-0.165575,-0.270799,0.853710
0.000000,0.000000,0.000000,0.000000,0.000000,0.000000,-0.162417,-0.271643,0.851216,0.000000,0.000000,0.000000,-0.162417,-0.271643,0.851216,-0.162377,-0.271487,0.851235
0.000000,0.000000,0.000000,0.000000,0.000000,0.000000,-0.159528,-0.271978,0.849193,0.000000,0.000000,0.000000,-0.159528,-0.271978,0.849193,-0.159495,-0.271851,0.849210
0.000000,0.000000,0.000000,0.000000,0.000000,0.000000,-0.156858,-0.272224,0.847538,0.000000,0.000000,0.000000,-0.156858,-0.272224,0.847538,-0.156831,-0.272119,0.847551
0.000000,0.000000,0.000000,0.000000,0.000000,0.000000,-0.154423,-0.272267,0.846182,0.000000,0.000000,0.000000,-0.154423,-0.272267,0.846182,-0.154401,-0.272182,0.846193
0.000000,0.000000,0.000000,0.000000,0.000000,0.000000,-0.152694,-0.272578,0.845072,0.000000,0.000000,0.000000,-0.152694,-0.272578,0.845072,-0.152676,-0.272507,0.845081
0.000000,0.000000,0.000000,0.000000,0.000000,0.000000,-0.151192,-0.272715,0.844163,0.000000,0.000000,0.000000,-0.151192,-0.272715,0.844163,-0.151177,-0.272658,0.844171
0.000000,0.000000,0.000000,0.000000,0.000000,0.000000,-0.149846,-0.272862,0.843420,0.000000,0.000000,0.000000,-0.149846,-0.272862,0.843420,-0.149834,-0.272815,0.843426
0.000000,0.000000,0.000000,0.000000,0.000000,0.000000,-0.148644,-0.272817,0.842810,0.000000,0.000000,0.000000,-0.148644,-0.272817,0.842810,-0.148634,-0.272778,0.842816
0.000000,0.000000,0.000000,0.000000,0.000000,0.000000,-0.147728,-0.272781,0.842312,0.000000,0.000000,0.000000,-0.147728,-0.272781,0.842312,-0.147720,-0.272749,0.842316
0.000000,0.000000,0.000000,0.000000,0.000000,0.000000,-0.147302,-0.272723,0.841904,0.000000,0.000000,0.000000,-0.147302,-0.272723,0.841904,-0.147295,-0.272697,0.841907
0.000000,0.000000,0.000000,0.000000,0.000000,0.000000,-0.147038,-0.272766,0.841569,0.000000,0.000000,0.000000,-0.147038,-0.272766,0.841569,-0.147033,-0.272745,0.841572
0.000000,0.000000,0.000000,0.000000,0.000000,0.000000,-0.146869,-0.272656,0.841295,0.000000,0.000000,0.000000,-0.146869,-0.272656,0.841295,-0.146865,-0.272639,0.841298
0.000000,0.000000,0.000000,0.000000,0.000000,0.000000,-0.146702,-0.272428,0.841071,0.000000,0.000000,0.000000,-0.146702,-0.272428,0.841071,-0.146698,-0.272413,0.841073
0.000000,0.000000,0.000000,0.000000,0.000000,0.000000,-0.146631,-0.271880,0.840888,0.000000,0.000000,0.000000,-0.146631,-0.271880,0.840888,-0.146628,-0.271868,0.840889
0.000000,0.000000,0.000000,0.000000,0.000000,0.000000,-0.146778,-0.271600,0.840738,0.000000,0.000000,0.000000,-0.146778,-0.271600,0.840738,-0.146776,-0.271590,0.840739
0.000000,0.000000,0.000000,0.000000,0.000000,0.000000,-0.146659,-0.270410,0.840615,0.000000,0.000000,0.000000,-0.146659,-0.270410,0.840615,-0.146657,-0.270402,0.840616
0.000000,0.000000,0.000000,0.000000,0.000000,0.000000,-0.146692,-0.269241,0.840908,0.000000,0.000000,0.000000,-0.146692,-0.269241,0.840908,-0.146691,-0.269234,0.840909
0.000000,0.000000,0.000000,0.000000,0.000000,0.000000,-0.146650,-0.267471,0.841544,0.000000,0.000000,0.000000,-0.146650,-0.267471,0.841544,-0.146649,-0.267466,0.841545
0.000000,0.000000,0.000000,0.000000,0.000000,0.000000,-0.146867,-0.265138,0.842463,0.000000,0.000000,0.000000,-0.146867,-0.265138,0.842463,-0.146866,-0.265134,0.842463
0.000000,0.000000,0.000000,0.000000,0.000000,0.000000,-0.146995,-0.262039,0.843615,0.000000,0.000000,0.000000,-0.146995,-0.262039,0.843615,-0.146994,-0.262035,0.843615
0.000000,0.000000,0.000000,0.000000,0.000000,0.000000,-0.146727,-0.257888,0.844960,0.000000,0.000000,0.000000,-0.146727,-0.257888,0.844960,-0.146727,-0.257885,0.844961
0.000000,0.000000,0.000000,0.000000,0.000000,0.000000,-0.146461,-0.253589,0.846466,0.000000,0.000000,0.000000,-0.146461,-0.253589,0.846466,-0.146461,-0.253587,0.846466
0.000000,0.000000,0.000000,0.000000,0.000000,0.000000,-0.146073,-0.249174,0.848105,0.000000,0.000000,0.000000,-0.146073,-0.249174,0.848105,-0.146072,-0.249172,0.848106
0.000000,0.000000,0.000000,0.000000,0.000000,0.000000,-0.145402,-0.244552,0.849856,0.000000,0.000000,0.000000,-0.145402,-0.244552,0.849856,-0.145401,-0.244550,0.849856
0.000000,0.000000,0.000000,0.000000,0.000000,0.000000,-0.144458,-0.239788,0.851700,0.000000,0.000000,0.000000,-0.144458,-0.239788,0.851700,-0.144457,-0.239787,0.851700
0.000000,0.000000,0.000000,0.000000,0.000000,0.000000,-0.143438,-0.235233,0.853623,0.000000,0.000000,0.000000,-0.143438,-0.235233,0.853623,-0.143438,-0.235232,0.853623
0.000000,0.000000,0.000000,0.000000,0.000000,0.000000,-0.141937,-0.230765,0.855612,0.000000,0.000000,0.000000,-0.141937,-0.230765,0.855612,-0.141936,-0.230764,0.855612
0.000000,0.000000,0.000000,0.000000,0.000000,0.000000,-0.139630,-0.226773,0.857240,0.000000,0.000000,0.000000,-0.139630,-0.226773,0.857240,-0.139630,-0.226773,0.857240
0.000000,0.000000,0.000000,0.000000,0.000000,0.000000,-0.135474,-0.223621,0.857746,0.000000,0.000000,0.000000,-0.135474,-0.223621,0.857746,-0.135474,-0.223620,0.857746
0.000000,0.000000,0.000000,0.000000,0.000000,0.000000,-0.130214,-0.221893,0.857340,0.000000,0.000000,0.000000,-0.130214,-0.221893,0.857340,-0.130213,-0.221892,0.857341
0.000000,0.000000,0.000000,0.000000,0.000000,0.000000,-0.122904,-0.221646,0.855795,0.000000,0.000000,0.000000,-0.122904,-0.221646,0.855795,-0.122904,-0.221646,0.855795
0.000000,0.000000,0.000000,0.000000,0.000000,0.000000,-0.113864,-0.222240,0.853337,0.000000,0.000000,0.000000,-0.113864,-0.222240,0.853337,-0.113864,-0.222240,0.853337
0.000000,0.000000,0.000000,0.000000,0.000000,0.000000,-0.103389,-0.222931,0.850148,0.000000,0.000000,0.000000,-0.103389,-0.222931,0.850148,-0.103389,-0.222930,0.850148
0.000000,0.000000,0.000000,0.000000,0.000000,0.000000,-0.091957,-0.223523,0.846764,0.000000,0.000000,0.000000,-0.091957,-0.223523,0.846764,-0.091957,-0.223523,0.846764
0.000000,0.000000,0.000000,0.000000,0.000000,0.000000,-0.080005,-0.223906,0.843610,0.000000,0.000000,0.000000,-0.080005,-0.223906,0.843610,-0.080005,-0.223906,0.843610
0.000000,0.000000,0.000000,0.000000,0.000000,0.000000,-0.068467,-0.224500,0.841027,0.000000,0.000000,0.000000,-0.068467,-0.224500,0.841027,-0.068467,-0.224500,0.841027
0.000000,0.000000,0.000000,0.000000,0.000000,0.000000,-0.056418,-0.225121,0.838912,0.000000,0.000000,0.000000,-0.056418,-0.225121,0.838912,-0.056418,-0.225121,0.838912
0.000000,0.000000,0.000000,0.000000,0.000000,0.000000,-0.044176,-0.225633,0.837565,0.000000,0.000000,0.000000,-0.044176,-0.225633,0.837565,-0.044176,-0.225633,0.837565
0.000000,0.000000,0.000000,0.000000,0.000000,0.000000,-0.031051,-0.226804,0.835695,0.000000,0.000000,0.000000,-0.031051,-0.226804,0.835695,-0.031051,-0.226804,0.835695
0.000000,0.000000,0.000000,0.000000,0.000000,0.000000,-0.016936,-0.227749,0.833407,0.000000,0.000000,0.000000,-0.016936,-0.227749,0.833407,-0.016936,-0.227749,0.833407
0.000000,0.000000,0.000000,0.000000,0.000000,0.000000,-0.002631,-0.228730,0.831912,0.000000,0.000000,0.000000,-0.002631,-0.228730,0.831912,-0.002631,-0.228730,0.831912
0.000000,0.000000,0.000000,0.000000,0.000000,0.000000,0.011351,-0.229122,0.830688,0.000000,0.000000,0.000000,0.011351,-0.229122,0.830688,0.011351,-0.229122,0.830688
0.000000,0.000000,0.000000,0.000000,0.000000,0.000000,0.025149,-0.229397,0.829685,0.000000,0.000000,0.000000,0.025149,-0.229397,0.829685,0.025149,-0.229397,0.829685
0.000000,0.000000,0.000000,0.000000,0.000000,0.000000,0.037787,-0.228750,0.830010,0.000000,0.000000,0.000000,0.037787,-0.228750,0.830010,0.037787,-0.228750,0.830010
0.000000,0.000000,0.000000,0.000000,0.000000,0.000000,0.049466,-0.226887,0.830662,0.000000,0.000000,0.000000,0.049466,-0.226887,0.830662,0.049466,-0.226887,0.830662
0.000000,0.000000,0.000000,0.000000,0.000000,0.000000,0.059819,-0.223853,0.832759,0.000000,0.000000,0.000000,0.059819,-0.223853,0.832759,0.059819,-0.223853,0.832759
0.000000,0.000000,0.000000,0.000000,0.000000,0.000000,0.070086,-0.219712,0.838115,0.000000,0.000000,0.000000,0.070086,-0.219712,0.838115,0.070086,-0.219712,0.838115
0.000000,0.000000,0.000000,0.000000,0.000000,0.000000,0.081106,-0.214418,0.848074,0.000000,0.000000,0.000000,0.081106,-0.214418,0.848074,0.081106,-0.214418,0.848074
0.000000,0.000000,0.000000,0.000000,0.000000,0.000000,0.092926,-0.210291,0.859858,0.000000,0.000000,0.000000,0.092926,-0.210291,0.859858,0.092926,-0.210291,0.859858
0.000000,0.000000,0.000000,0.000000,0.000000,0.000000,0.107605,-0.207898,0.874282,0.000000,0.000000,0.000000,0.107605,-0.207898,0.874282,0.107605,-0.207898,0.874282
0.000000,0.000000,0.000000,0.000000,0.000000,0.000000,0.126329,-0.207264,0.891150,0.000000,0.000000,0.000000,0.126329,-0.207264,0.891150,0.126329,-0.207264,0.891150
0.000000,0.000000,0.000000,0.000000,0.000000,0.000000,0.148142,-0.209826,0.906009,0.000000,0.000000,0.000000,0.148142,-0.209826,0.906009,0.148142,-0.209826,0.906009
0.000000,0.000000,0.000000,0.000000,0.000000,0.000000,0.169701,-0.214214,0.922494,0.000000,0.000000,0.000000,0.169701,-0.214214,0.922494,0.169701,-0.214214,0.922494
0.000000,0.000000,0.000000,0.000000,0.000000,0.000000,0.193991,-0.219818,0.939373,0.000000,0.000000,0.000000,0.193991,-0.219818,0.939373,0.193991,-0.219818,0.939373
0.000000,0.000000,0.000000,0.000000,0.000000,0.000000,0.218330,-0.225940,0.957904,0.000000,0.000000,0.000000,0.218330,-0.225940,0.957904,0.218330,-0.225940,0.957904
0.000000,0.000000,0.000000,0.000000,0.000000,0.000000,0.242932,-0.231814,0.977401,0.000000,0.000000,0.000000,0.242932,-0.231814,0.977401,0.242932,-0.231814,0.977401
0.000000,0.000000,0.000000,0.000000,0.000000,0.000000,0.267127,-0.237690,0.997891,0.000000,0.000000,0.000000,0.267127,-0.237690,0.997891,0.267127,-0.237690,0.997891
0.000000,0.000000,0.000000,0.000000,0.000000,0.000000,0.291062,-0.243167,1.018720,0.000000,0.000000,0.000000,0.291062,-0.243167,1.018720,0.291062,-0.243167,1.018720
0.000000,0.000000,0.000000,0.000000,0.000000,0.000000,0.314822,-0.248178,1.037161,0.000000,0.000000,0.000000,0.314822,-0.248178,1.037161,0.314822,-0.248178,1.037161
0.000000,0.000000,0.000000,0.000000,0.000000,0.000000,0.339019,-0.251536,1.055094,0.000000,0.000000,0.000000,0.339019,-0.251536,1.055094,0.339019,-0.251536,1.055094
-18.215746,8.948143,-14.320858,0.000000,0.000000,0.000000,-0.268173,0.046735,0.577732,0.000000,0.000000,0.000000,-0.268173,0.046735,0.577732,0.066965,0.060307,1.128219
0.000000,0.000000,0.000000,0.000000,0.000000,0.000000,-0.268173,0.046735,0.577732,0.000000,0.000000,0.000000,-0.268173,0.046735,0.577732,0.066965,0.060307,1.128219
0.000000,0.000000,0.000000,0.000000,0.000000,0.000000,-0.268173,0.046735,0.577732,0.000000,0.000000,0.000000,-0.268173,0.046735,0.577732,0.066965,0.060307,1.128219
0.016740,0.009566,0.016812,0.000000,0.000000,0.000000,-0.267615,0.047054,0.578292,0.000000,0.000000,0.000000,-0.267615,0.047054,0.578292,0.067748,0.062518,1.128930
0.000238,0.001867,-0.003047,0.000000,0.000000,0.000000,-0.267607,0.047116,0.578191,0.000000,0.000000,0.000000,-0.267607,0.047116,0.578191,0.067426,0.065557,1.129512
-0.008049,-0.002728,-0.008059,0.000000,0.000000,0.000000,-0.267875,0.047025,0.577922,0.000000,0.000000,0.000000,-0.267875,0.047025,0.577922,0.066922,0.069272,1.129989
0.004017,0.000078,-0.001034,0.000000,0.000000,0.000000,-0.267741,0.047028,0.577888,0.000000,0.000000,0.000000,-0.267741,0.047028,0.577888,0.066301,0.072969,1.131095
-0.000256,-0.001607,-0.000848,0.000000,0.000000,0.000000,-0.267750,0.046974,0.577859,0.000000,0.000000,0.000000,-0.267750,0.046974,0.577859,0.066153,0.076823,1.132001
-0.008138,0.007621,-0.017327,0.000000,0.000000,0.000000,-0.268021,0.047228,0.577282,0.000000,0.000000,0.000000,-0.268021,0.047228,0.577282,0.065880,0.080646,1.133463
-0.012854,-0.004791,-0.014185,0.000000,0.000000,0.000000,-0.268450,0.047069,0.576809,0.000000,0.000000,0.000000,-0.268450,0.047069,0.576809,0.065655,0.083776,1.134661
0.004127,-0.000248,0.005018,0.000000,0.000000,0.000000,-0.268312,0.047060,0.576976,0.000000,0.000000,0.000000,-0.268312,0.047060,0.576976,0.065472,0.086339,1.135641
0.005155,-0.002772,0.009694,0.000000,0.000000,0.000000,-0.268140,0.046968,0.577299,0.000000,0.000000,0.000000,-0.268140,0.046968,0.577299,0.065321,0.088437,1.136444
0.002458,0.001080,0.007936,0.000000,0.000000,0.000000,-0.268058,0.047004,0.577564,0.000000,0.000000,0.000000,-0.268058,0.047004,0.577564,0.065198,0.090155,1.137101
0.007077,0.000543,0.006498,0.000000,0.000000,0.000000,-0.267822,0.047022,0.577781,0.000000,0.000000,0.000000,-0.267822,0.047022,0.577781,0.065098,0.091561,1.137639
0.004805,0.000977,0.005320,0.000000,0.000000,0.000000,-0.267662,0.047055,0.577958,0.000000,0.000000,0.000000,-0.267662,0.047055,0.577958,0.065015,0.092713,1.138080
0.002446,-0.000688,0.004358,0.000000,0.000000,0.000000,-0.267581,0.047032,0.578103,0.000000,0.000000,0.000000,-0.267581,0.047032,0.578103,0.064948,0.093655,1.138440
0.012085,0.006456,0.009168,0.000000,0.000000,0.000000,-0.267178,0.047247,0.578409,0.000000,0.000000,0.000000,-0.267178,0.047247,0.578409,0.064892,0.094427,1.138736
-0.000191,-0.004126,0.001904,0.000000,0.000000,0.000000,-0.267184,0.047109,0.578472,0.000000,0.000000,0.000000,-0.267184,0.047109,0.578472,0.064847,0.095059,1.138977
0.002316,-0.004037,0.001559,0.000000,0.000000,0.000000,-0.267107,0.046975,0.578524,0.000000,0.000000,0.000000,-0.267107,0.046975,0.578524,0.064810,0.095577,1.139175
0.000696,0.000315,0.006881,0.000000,0.000000,0.000000,-0.267084,0.046985,0.578754,0.000000,0.000000,0.000000,-0.267084,0.046985,0.578754,0.064780,0.096000,1.139337
0.001660,0.000170,0.000027,0.000000,0.000000,0.000000,-0.267029,0.046991,0.578754,0.000000,0.000000,0.000000,-0.267029,0.046991,0.578754,0.064755,0.096347,1.139470
-0.005642,-0.002956,-0.005558,0.000000,0.000000,0.000000,-0.267217,0.046893,0.578569,0.000000,0.000000,0.000000,-0.267217,0.046893,0.578569,0.064734,0.096631,1.139579
0.000557,0.000254,0.001028,0.000000,0.000000,0.000000,-0.267198,0.046901,0.578603,0.000000,0.000000,0.000000,-0.267198,0.046901,0.578603,0.064718,0.096864,1.139668
0.002993,-0.000746,0.000848,0.000000,0.000000,0.000000,-0.267098,0.046876,0.578632,0.000000,0.000000,0.000000,-0.267098,0.046876,0.578632,0.064704,0.097054,1.139740
0.000716,0.000121,0.000692,0.000000,0.000000,0.000000,-0.267074,0.046880,0.578655,0.000000,0.000000,0.000000,-0.267074,0.046880,0.578655,0.064693,0.097210,1.139800
-0.001841,0.001851,0.000563,0.000000,0.000000,0.000000,-0.267136,0.046942,0.578674,0.000000,0.000000,0.000000,-0.267136,0.046942,0.578674,0.064684,0.097337,1.139849
-0.002298,-0.000597,-0.005116,0.000000,0.000000,0.000000,-0.267212,0.046922,0.578503,0.000000,0.000000,0.000000,-0.267212,0.046922,0.578503,0.064676,0.097442,1.139889
-0.004731,-0.003070,-0.004195,0.000000,0.000000,0.000000,-0.267370,0.046820,0.578363,0.000000,0.000000,0.000000,-0.267370,0.046820,0.578363,0.064670,0.097527,1.139922
-0.007156,-0.000195,-0.003435,0.000000,0.000000,0.000000,-0.267609,0.046813,0.578249,0.000000,0.000000,0.000000,-0.267609,0.046813,0.578249,0.064665,0.097597,1.139948
-0.003866,0.000665,-0.002807,0.000000,0.000000,0.000000,-0.267737,0.046835,0.578155,0.000000,0.000000,0.000000,-0.267737,0.046835,0.578155,0.064661,0.097655,1.139970
0.004976,0.004879,0.003283,0.000000,0.000000,0.000000,-0.267572,0.046998,0.578265,0.000000,0.000000,0.000000,-0.267572,0.046998,0.578265,0.064658,0.097702,1.139989
-0.003304,0.001392,-0.002895,0.000000,0.000000,0.000000,-0.267682,0.047044,0.578168,0.000000,0.000000,0.000000,-0.267682,0.047044,0.578168,0.064655,0.097740,1.140003
-0.006707,-0.002691,-0.013479,0.000000,0.000000,0.000000,-0.267905,0.046955,0.577719,0.000000,0.000000,0.000000,-0.267905,0.046955,0.577719,0.064653,0.097772,1.140015
-0.007702,-0.002539,-0.005491,0.000000,0.000000,0.000000,-0.268162,0.046870,0.577536,0.000000,0.000000,0.000000,-0.268162,0.046870,0.577536,0.064651,0.097797,1.140025
0.006157,0.001623,0.006652,0.000000,0.000000,0.000000,-0.267957,0.046924,0.577757,0.000000,0.000000,0.000000,-0.267957,0.046924,0.577757,0.064649,0.097818,1.140033
0.001091,-0.000400,0.005447,0.000000,0.000000,0.000000,-0.267920,0.046911,0.577939,0.000000,0.000000,0.000000,-0.267920,0.046911,0.577939,0.064648,0.097836,1.140040
0.001827,-0.001221,-0.001127,0.000000,0.000000,0.000000,-0.267860,0.046870,0.577901,0.000000,0.000000,0.000000,-0.267860,0.046870,0.577901,0.064647,0.097850,1.140045
-0.000207,0.000600,-0.000924,0.000000,0.000000,0.000000,-0.267866,0.046890,0.577871,0.000000,0.000000,0.000000,-0.267866,0.046890,0.577871,0.064646,0.097861,1.140050
0.005321,0.001982,0.004833,0.000000,0.000000,0.000000,-0.267689,0.046956,0.578032,0.000000,0.000000,0.000000,-0.267689,0.046956,0.578032,0.064645,0.097871,1.140053
0.001490,-0.001906,0.003954,0.000000,0.000000,0.000000,-0.267639,0.046893,0.578164,0.000000,0.000000,0.000000,-0.267639,0.046893,0.578164,0.064645,0.097879,1.140056
0.003398,0.000014,-0.002344,0.000000,0.000000,0.000000,-0.267526,0.046893,0.578085,0.000000,0.000000,0.000000,-0.267526,0.046893,0.578085,0.064644,0.097885,1.140059
0.000481,-0.000069,-0.001924,0.000000,0.000000,0.000000,-0.267510,0.046891,0.578021,0.000000,0.000000,0.000000,-0.267510,0.046891,0.578021,0.064644,0.097890,1.140061
0.017791,0.008594,0.009615,0.000000,0.000000,0.000000,-0.266917,0.047177,0.578342,0.000000,0.000000,0.000000,-0.266917,0.047177,0.578342,0.064644,0.097894,1.140062
0.052694,0.019679,0.053431,8.479449,-8.531699,-0.237619,-0.265161,0.047833,0.580123,0.001756,0.000656,0.001781,-0.265161,0.047833,0.580123,0.347292,-0.186496,1.132142
-0.016331,-0.005506,-0.018566,0.000000,0.000000,0.000000,-0.265705,0.047650,0.579504,-0.000544,-0.000184,-0.000619,-0.265705,0.047650,0.579504,0.347292,-0.186496,1.132142
-0.012497,-0.001613,-0.015197,-0.120020,0.025366,-0.042518,-0.266122,0.047596,0.578997,-0.000417,-0.000054,-0.000507,-0.266122,0.047596,0.578997,0.343291,-0.185650,1.130724
-0.012384,-0.005724,-0.006883,-0.198457,0.018492,-0.097493,-0.266534,0.047405,0.578768,-0.000413,-0.000191,-0.000229,-0.266534,0.047405,0.578768,0.336676,-0.185034,1.127475
-0.012662,-0.001690,-0.011197,-0.266980,-0.018644,-0.161430,-0.266956,0.047349,0.578395,-0.000422,-0.000056,-0.000373,-0.266956,0.047349,0.578395,0.327777,-0.185655,1.122094
-0.008406,-0.000134,-0.003601,-0.297812,-0.026376,-0.191946,-0.267237,0.047344,0.578275,-0.000280,-0.000004,-0.000120,-0.267237,0.047344,0.578275,0.317850,-0.186534,1.115695
0.001296,-0.003334,-0.002952,-0.339552,-0.048513,-0.235015,-0.267193,0.047233,0.578176,0.000043,-0.000111,-0.000098,-0.267193,0.047233,0.578176,0.306531,-0.188151,1.107862
-0.004831,-0.001191,-0.002414,-0.367531,-0.062646,-0.268250,-0.267354,0.047193,0.578096,-0.000161,-0.000040,-0.000080,-0.267354,0.047193,0.578096,0.294280,-0.190240,1.098920
-0.001577,0.000621,-0.001981,-0.391383,-0.071114,-0.311698,-0.267407,0.047214,0.578030,-0.000053,0.000021,-0.000066,-0.267407,0.047214,0.578030,0.281234,-0.192610,1.088530
-0.006806,-0.000134,-0.001616,-0.387734,-0.072396,-0.326761,-0.267634,0.047210,0.577976,-0.000227,-0.000004,-0.000054,-0.267634,0.047210,0.577976,0.268310,-0.195023,1.077638
0.000326,-0.000518,-0.001327,-0.374300,-0.074646,-0.371540,-0.267623,0.047192,0.577932,0.000011,-0.000017,-0.000044,-0.267623,0.047192,0.577932,0.255833,-0.197511,1.065253
-0.003079,-0.002331,-0.001084,-0.347392,-0.059683,-0.371418,-0.267726,0.047115,0.577895,-0.000103,-0.000078,-0.000036,-0.267726,0.047115,0.577895,0.244253,-0.199501,1.052873
-0.004549,-0.003040,-0.006453,-0.325383,-0.055289,-0.385827,-0.267877,0.047013,0.577680,-0.000152,-0.000101,-0.000215,-0.267877,0.047013,0.577680,0.233407,-0.201344,1.040012
0.006791,0.007103,0.011469,-0.305593,-0.048170,-0.395218,-0.267651,0.047250,0.578063,0.000226,0.000237,0.000382,-0.267651,0.047250,0.578063,0.223221,-0.202950,1.026838
0.001350,-0.002696,-0.001792,-0.286376,-0.028613,-0.415689,-0.267606,0.047160,0.578003,0.000045,-0.000090,-0.000060,-0.267606,0.047160,0.578003,0.213675,-0.203903,1.012982
0.000413,-0.004079,0.004106,-0.263004,-0.025525,-0.414686,-0.267592,0.047024,0.578140,0.000014,-0.000136,0.000137,-0.267592,0.047024,0.578140,0.204908,-0.204754,0.999159
0.003158,0.001576,0.003371,-0.248661,-0.009227,-0.411744,-0.267487,0.047077,0.578252,0.000105,0.000053,0.000112,-0.267487,0.047077,0.578252,0.196620,-0.205062,0.985434
0.003869,0.012175,-0.002832,-0.241941,-0.028571,-0.434861,-0.267358,0.047483,0.578158,0.000129,0.000406,-0.000094,-0.267358,0.047483,0.578158,0.188555,-0.206014,0.970939
-0.000579,-0.005096,-0.002317,-0.218625,-0.020263,-0.423564,-0.267377,0.047313,0.578080,-0.000019,-0.000170,-0.000077,-0.267377,0.047313,0.578080,0.181267,-0.206690,0.956820
-0.002950,0.000089,-0.001888,-0.187145,-0.019642,-0.425402,-0.267476,0.047316,0.578018,-0.000098,0.000003,-0.000063,-0.267476,0.047316,0.578018,0.175029,-0.207344,0.942640
-0.002549,-0.003074,-0.001556,-0.146614,-0.025511,-0.411891,-0.267560,0.047213,0.577966,-0.000085,-0.000102,-0.000052,-0.267560,0.047213,0.577966,0.170142,-0.208195,0.928910
-0.001763,-0.001440,0.004311,-0.118461,-0.026480,-0.399154,-0.267619,0.047165,0.578109,-0.000059,-0.000048,0.000144,-0.267619,0.047165,0.578109,0.166193,-0.209077,0.915605
0.025062,0.013250,0.020410,-0.084208,-0.049753,-0.387132,-0.266784,0.047607,0.578790,0.000835,0.000442,0.000680,-0.266784,0.047607,0.578790,0.163386,-0.210736,0.902701
0.005509,-0.001935,0.005434,-0.048514,-0.046672,-0.375731,-0.266600,0.047543,0.578971,0.000184,-0.000064,0.000181,-0.266600,0.047543,0.578971,0.161769,-0.212291,0.890176
-0.007241,-0.003909,-0.006732,-0.027833,-0.049118,-0.353580,-0.266842,0.047412,0.578746,-0.000241,-0.000130,-0.000224,-0.266842,0.047412,0.578746,0.160842,-0.213929,0.878390
-0.008084,-0.003099,-0.005516,-0.018735,-0.049724,-0.334509,-0.267111,0.047309,0.578563,-0.000269,-0.000103,-0.000184,-0.267111,0.047309,0.578563,0.160217,-0.215586,0.867240
-0.008540,-0.000808,-0.004515,-0.010373,-0.050549,-0.296052,-0.267396,0.047282,0.578412,-0.000285,-0.000027,-0.000151,-0.267396,0.047282,0.578412,0.159871,-0.217271,0.857372
-0.010111,-0.005036,-0.003701,-0.014011,-0.048324,-0.264344,-0.267733,0.047114,0.578289,-0.000337,-0.000168,-0.000123,-0.267733,0.047114,0.578289,0.159404,-0.218882,0.848560
-0.001788,-0.000886,-0.003027,-0.037799,-0.054815,-0.216427,-0.267792,0.047085,0.578188,-0.000060,-0.000030,-0.000101,-0.267792,0.047085,0.578188,0.158144,-0.220709,0.841346
0.000063,-0.000266,0.003106,-0.069986,-0.038377,-0.166249,-0.267790,0.047076,0.578291,0.000002,-0.000009,0.000104,-0.267790,0.047076,0.578291,0.155811,-0.221988,0.835804
0.003849,0.002638,-0.003042,-0.094085,-0.024057,-0.114048,-0.267662,0.047164,0.578190,0.000128,0.000088,-0.000101,-0.267662,0.047164,0.578190,0.152675,-0.222790,0.832003
-0.002116,-0.001482,-0.008052,-0.121279,-0.011388,-0.059845,-0.267733,0.047114,0.577922,-0.000071,-0.000049,-0.000268,-0.267733,0.047114,0.577922,0.148633,-0.223170,0.830008
-0.003853,-0.000552,-0.001032,-0.143606,0.001007,-0.026380,-0.267861,0.047096,0.577887,-0.000128,-0.000018,-0.000034,-0.267861,0.047096,0.577887,0.143846,-0.223136,0.829128
0.000183,-0.000528,0.004739,-0.151660,0.011732,0.024360,-0.267855,0.047078,0.578045,0.000006,-0.000018,0.000158,-0.267855,0.047078,0.578045,0.138790,-0.222745,0.829940
-0.003504,0.000049,-0.001695,-0.153373,0.014889,0.043271,-0.267972,0.047080,0.577989,-0.000117,0.000002,-0.000057,-0.267972,0.047080,0.577989,0.133678,-0.222249,0.831383
0.001050,-0.001816,0.004188,-0.135276,0.024143,0.059000,-0.267937,0.047019,0.578128,0.000035,-0.000061,0.000140,-0.267937,0.047019,0.578128,0.129169,-0.221444,0.833349
0.010640,0.011137,0.003431,-0.121020,0.022090,0.072126,-0.267582,0.047391,0.578243,0.000355,0.000371,0.000114,-0.267582,0.047391,0.578243,0.125135,-0.220708,0.835754
-0.001057,0.003540,-0.008340,-0.097188,0.025771,0.071043,-0.267617,0.047509,0.577965,-0.000035,0.000118,-0.000278,-0.267617,0.047509,0.577965,0.121895,-0.219849,0.838122
-0.002673,-0.004454,-0.001268,-0.067259,0.019528,0.070242,-0.267706,0.047360,0.577922,-0.000089,-0.000148,-0.000042,-0.267706,0.047360,0.577922,0.119653,-0.219198,0.840463
-0.000582,-0.001242,-0.001032,-0.041091,0.028786,0.045433,-0.267726,0.047319,0.577888,-0.000019,-0.000041,-0.000034,-0.267726,0.047319,0.577888,0.118284,-0.218238,0.841978
0.003907,-0.000052,-0.000851,-0.023245,0.040726,0.037211,-0.267595,0.047317,0.577860,0.000130,-0.000002,-0.000028,-0.267595,0.047317,0.577860,0.117509,-0.216881,0.843218
-0.000594,-0.000544,0.004891,-0.014212,0.041765,0.006518,-0.267615,0.047299,0.578023,-0.000020,-0.000018,0.000163,-0.267615,0.047299,0.578023,0.117035,-0.215489,0.843435
-0.000302,-0.002504,0.004004,-0.004344,0.044568,-0.006546,-0.267625,0.047215,0.578156,-0.000010,-0.000083,0.000133,-0.267625,0.047215,0.578156,0.116890,-0.214003,0.843217
-0.002541,-0.001921,0.003279,-0.003094,0.064544,-0.028923,-0.267710,0.047151,0.578265,-0.000085,-0.000064,0.000109,-0.267710,0.047151,0.578265,0.116787,-0.211852,0.842253
0.000282,-0.003251,-0.002900,-0.058794,0.035382,-0.000104,-0.267701,0.047043,0.578169,0.000009,-0.000108,-0.000097,-0.267701,0.047043,0.578169,0.114827,-0.210672,0.842249
-0.001199,0.001512,-0.007934,-0.350897,-0.449439,1.597931,-0.267741,0.047093,0.577904,-0.000040,0.000050,-0.000264,-0.267741,0.047093,0.577904,0.103131,-0.225653,0.895514
-0.011388,-0.003504,-0.006503,-0.455400,-0.479300,1.286809,-0.268120,0.046977,0.577687,-0.000380,-0.000117,-0.000217,-0.268120,0.046977,0.577687,0.087951,-0.241630,0.938407
-0.006413,0.001161,-0.005323,-0.386924,-0.390822,1.053534,-0.268334,0.047015,0.577510,-0.000214,0.000039,-0.000177,-0.268334,0.047015,0.577510,0.075053,-0.254658,0.973525
0.002883,-0.002044,0.001207,-0.313348,-0.338507,0.862564,-0.268238,0.046947,0.577550,0.000096,-0.000068,0.000040,-0.268238,0.046947,0.577550,0.064608,-0.265941,1.002277
0.001347,-0.001471,0.000992,-0.257660,-0.293735,0.706218,-0.268193,0.046898,0.577583,0.000045,-0.000049,0.000033,-0.268193,0.046898,0.577583,0.056020,-0.275732,1.025818
0.001347,-0.001471,0.000992,-0.257660,-0.293735,0.706218,-0.268193,0.046898,0.577583,0.000045,-0.000049,0.000033,-0.268193,0.046898,0.577583,0.056020,-0.275732,1.025818
-0.006472,-0.002280,-0.004758,-0.212700,-0.218297,0.556859,-0.268409,0.046822,0.577425,-0.000216,-0.000076,-0.000159,-0.268409,0.046822,0.577425,0.048930,-0.283009,1.044380
-0.001749,0.002288,-0.003887,-0.156137,-0.201284,0.455922,-0.268467,0.046898,0.577295,-0.000058,0.000076,-0.000130,-0.268467,0.046898,0.577295,0.043725,-0.289718,1.059577
-0.003621,0.000396,-0.003192,-0.131143,-0.172320,0.373274,-0.268588,0.046912,0.577189,-0.000121,0.000013,-0.000106,-0.268588,0.046912,0.577189,0.039354,-0.295462,1.072020
0.002046,0.000674,-0.002609,-0.102012,-0.194307,0.326961,-0.268519,0.046934,0.577102,0.000068,0.000022,-0.000087,-0.268519,0.046934,0.577102,0.035953,-0.301939,1.082919
0.010256,0.001906,0.009009,-0.069822,-0.097055,0.246345,-0.268178,0.046998,0.577402,0.000342,0.000064,0.000300,-0.268178,0.046998,0.577402,0.033626,-0.305174,1.091130
0.000879,0.003173,0.001797,-0.070023,-0.103404,0.201695,-0.268148,0.047103,0.577462,0.000029,0.000106,0.000060,-0.268148,0.047103,0.577462,0.031292,-0.308621,1.097853
0.008322,0.000431,0.007054,-0.049632,-0.165305,0.186460,-0.267871,0.047118,0.577697,0.000277,0.000014,0.000235,-0.267871,0.047118,0.577697,0.029637,-0.314131,1.104069
-0.000222,-0.000958,0.000193,-0.031486,-0.103209,0.131328,-0.267878,0.047086,0.577703,-0.000007,-0.000032,0.000006,-0.267878,0.047086,0.577703,0.028588,-0.317572,1.108446
-0.000844,-0.000907,0.000152,-0.031391,-0.080740,0.107521,-0.267906,0.047056,0.577709,-0.000028,-0.000030,0.000005,-0.267906,0.047056,0.577709,0.027541,-0.320263,1.112030
-0.000114,-0.001881,-0.005434,-0.041926,-0.022059,0.088037,-0.267910,0.046993,0.577527,-0.000004,-0.000063,-0.000181,-0.267910,0.046993,0.577527,0.026144,-0.320998,1.114965
-1.007548,-0.370435,2.247877,-0.030697,-0.023066,0.072087,-0.301495,0.034645,0.652457,-0.033585,-0.012348,0.074929,-0.301495,0.034645,0.652457,0.025121,-0.321767,1.117368
-0.898493,-0.347318,1.807811,-0.008642,-0.072775,0.080341,-0.331445,0.023068,0.712717,-0.029950,-0.011577,0.060260,-0.331445,0.023068,0.712717,0.024833,-0.324193,1.120046
-0.769258,-0.234231,1.496361,-0.010867,-0.001271,0.044450,-0.357087,0.015260,0.762596,-0.025642,-0.007808,0.049879,-0.357087,0.015260,0.762596,0.024470,-0.324235,1.121527
-0.604843,-0.137548,1.241475,-0.014105,-0.066222,0.057718,-0.377248,0.010675,0.803978,-0.020161,-0.004585,0.041382,-0.377248,0.010675,0.803978,0.024000,-0.326443,1.123451
-0.488088,-0.062820,1.049414,-0.010219,0.010720,0.025924,-0.393518,0.008581,0.838959,-0.016270,-0.002094,0.034980,-0.393518,0.008581,0.838959,0.023660,-0.326085,1.124315
-0.418531,-0.041602,0.859201,-0.011618,-0.062830,0.042554,-0.407469,0.007194,0.867599,-0.013951,-0.001387,0.028640,-0.407469,0.007194,0.867599,0.023272,-0.328180,1.125734
-0.331660,0.013224,0.703440,-0.003746,-0.031173,0.034851,-0.418524,0.007635,0.891047,-0.011055,0.000441,0.023448,-0.418524,0.007635,0.891047,0.023147,-0.329219,1.126896
-0.161897,-0.021222,0.609341,-0.001468,-0.014105,0.028524,-0.423921,0.006928,0.911358,-0.005397,-0.000707,0.020311,-0.423921,0.006928,0.911358,0.023099,-0.329689,1.127846
-0.166326,-0.065373,0.482123,-0.015397,0.065119,0.002024,-0.429465,0.004749,0.927429,-0.005544,-0.002179,0.016071,-0.429465,0.004749,0.927429,0.022585,-0.327518,1.127914
-0.187835,-0.093055,0.361546,-0.021283,0.053046,0.001663,-0.435726,0.001647,0.939480,-0.006261,-0.003102,0.012052,-0.435726,0.001647,0.939480,0.021876,-0.325750,1.127969
-0.140682,-0.146972,0.279549,-0.019196,0.043967,0.001359,-0.440416,-0.003252,0.948799,-0.004689,-0.004899,0.009318,-0.440416,-0.003252,0.948799,0.021236,-0.324285,1.128015
0.040824,-0.193887,0.245329,-0.019320,0.058050,0.001112,-0.439055,-0.009715,0.956976,0.001361,-0.006463,0.008178,-0.439055,-0.009715,0.956976,0.020592,-0.322350,1.128052
0.029787,-0.241379,0.168055,-0.011978,0.029233,0.022244,-0.438062,-0.017761,0.962578,0.000993,-0.008046,0.005602,-0.438062,-0.017761,0.962578,0.020193,-0.321375,1.128793
-0.012728,-0.221234,0.089142,-0.036672,0.003881,-0.003129,-0.438486,-0.025135,0.965550,-0.000424,-0.007374,0.002971,-0.438486,-0.025135,0.965550,0.018970,-0.321246,1.128689
0.007565,-0.235445,0.041159,-0.029963,0.027887,-0.002546,-0.438234,-0.032984,0.966922,0.000252,-0.007848,0.001372,-0.438234,-0.032984,0.966922,0.017972,-0.320316,1.128604
0.043836,-0.234444,0.017939,-0.008011,0.001193,0.019244,-0.436773,-0.040798,0.967519,0.001461,-0.007815,0.000598,-0.436773,-0.040798,0.967519,0.017705,-0.320276,1.129245
0.079255,-0.221397,-0.016574,-0.012297,0.025328,-0.005590,-0.434131,-0.048178,0.966967,0.002642,-0.007380,-0.000552,-0.434131,-0.048178,0.966967,0.017295,-0.319432,1.129059
0.115650,-0.225147,-0.029055,-0.005353,0.029145,0.016773,-0.430276,-0.055683,0.965998,0.003855,-0.007505,-0.000969,-0.430276,-0.055683,0.965998,0.017116,-0.318461,1.129618
0.139356,-0.218852,-0.054499,-0.003854,-0.065719,0.013711,-0.425631,-0.062978,0.964182,0.004645,-0.007295,-0.001817,-0.425631,-0.062978,0.964182,0.016988,-0.320651,1.130075
0.177021,-0.222316,-0.074959,-0.001415,0.025994,0.011240,-0.419730,-0.070389,0.961683,0.005901,-0.007411,-0.002499,-0.419730,-0.070389,0.961683,0.016941,-0.319785,1.130450
0.207238,-0.234899,-0.091383,0.001268,0.022560,0.009198,-0.412822,-0.078219,0.958637,0.006908,-0.007830,-0.003046,-0.412822,-0.078219,0.958637,0.016983,-0.319033,1.130756
0.235510,-0.221941,-0.074805,0.017294,0.017382,0.007524,-0.404972,-0.085617,0.956144,0.007850,-0.007398,-0.002494,-0.404972,-0.085617,0.956144,0.017559,-0.318453,1.131007
0.246069,-0.228677,-0.076119,0.017672,0.024135,0.006169,-0.396770,-0.093239,0.953606,0.008202,-0.007623,-0.002537,-0.396770,-0.093239,0.953606,0.018148,-0.317649,1.131213
0.249845,-0.219794,-0.077099,0.004547,0.018827,0.005046,-0.388441,-0.100566,0.951036,0.008328,-0.007326,-0.002570,-0.388441,-0.100566,0.951036,0.018300,-0.317021,1.131381
0.262148,-0.213645,-0.077820,0.007988,0.012842,0.004138,-0.379703,-0.107687,0.948442,0.008738,-0.007121,-0.002594,-0.379703,-0.107687,0.948442,0.018566,-0.316593,1.131519
0.262646,-0.195886,-0.078321,0.008521,0.003640,0.003387,-0.370948,-0.114217,0.945832,0.008755,-0.006530,-0.002611,-0.370948,-0.114217,0.945832,0.018850,-0.316472,1.131632
0.264812,-0.175793,-0.064132,0.009950,-0.004077,-0.018557,-0.362121,-0.120077,0.943694,0.008827,-0.005860,-0.002138,-0.362121,-0.120077,0.943694,0.019182,-0.316608,1.131013
0.254888,-0.143987,-0.052507,0.003252,0.009787,-0.015199,-0.353625,-0.124876,0.941944,0.008496,-0.004800,-0.001750,-0.353625,-0.124876,0.941944,0.019290,-0.316282,1.130507
0.226250,-0.122845,-0.028374,0.028574,0.010200,-0.012435,-0.346083,-0.128971,0.940998,0.007542,-0.004095,-0.000946,-0.346083,-0.128971,0.940998,0.020243,-0.315942,1.130092
0.189072,-0.093660,-0.023232,0.022194,-0.000376,-0.010192,-0.339781,-0.132093,0.940224,0.006302,-0.003122,-0.000774,-0.339781,-0.132093,0.940224,0.020983,-0.315954,1.129753
0.138050,-0.068428,-0.019017,0.003931,0.003302,-0.008340,-0.335179,-0.134374,0.939590,0.004602,-0.002281,-0.000634,-0.335179,-0.134374,0.939590,0.021114,-0.315844,1.129475
0.061916,-0.081341,-0.015576,-0.000733,-0.006647,-0.006827,-0.333115,-0.137085,0.939070,0.002064,-0.002711,-0.000519,-0.333115,-0.137085,0.939070,0.021089,-0.316066,1.129247
0.031465,-0.037863,0.001953,0.000000,0.000000,0.000000,-0.332066,-0.138347,0.939135,0.000000,0.000000,0.000000,-0.332066,-0.138347,0.939135,0.021467,-0.318536,1.129772
-0.015615,-0.047382,0.001597,0.000000,0.000000,0.000000,-0.332587,-0.139927,0.939189,0.000000,0.000000,0.000000,-0.332587,-0.139927,0.939189,0.021336,-0.321886,1.130201
-0.058475,-0.039682,0.030944,0.000000,0.000000,0.000000,-0.334536,-0.141250,0.940220,0.000000,0.000000,0.000000,-0.334536,-0.141250,0.940220,0.021503,-0.322354,1.129842
-0.088235,-0.042303,0.040303,0.000000,0.000000,0.000000,-0.337477,-0.142660,0.941564,0.000000,0.000000,0.000000,-0.337477,-0.142660,0.941564,0.021393,-0.322272,1.129548
-0.095860,-0.036387,0.048024,0.000000,0.000000,0.000000,-0.340673,-0.143873,0.943164,0.000000,0.000000,0.000000,-0.340673,-0.143873,0.943164,0.021154,-0.323999,1.130018
-0.104499,-0.059584,0.054463,0.000000,0.000000,0.000000,-0.344156,-0.145859,0.944980,0.000000,0.000000,0.000000,-0.344156,-0.145859,0.944980,0.021598,-0.322737,1.129692
-0.084039,-0.085080,0.044593,0.000000,0.000000,0.000000,-0.346957,-0.148695,0.946466,0.000000,0.000000,0.000000,-0.346957,-0.148695,0.946466,0.021090,-0.321458,1.129425
-0.041216,-0.133743,0.021372,0.000000,0.000000,0.000000,-0.348331,-0.153153,0.947179,0.000000,0.000000,0.000000,-0.348331,-0.153153,0.947179,0.020411,-0.320932,1.129917
-0.007511,-0.167375,0.002466,0.000000,0.000000,0.000000,-0.348581,-0.158732,0.947261,0.000000,0.000000,0.000000,-0.348581,-0.158732,0.947261,0.019588,-0.320231,1.130320
0.018062,-0.202170,-0.012951,0.000000,0.000000,0.000000,-0.347979,-0.165471,0.946829,0.000000,0.000000,0.000000,-0.347979,-0.165471,0.946829,0.018831,-0.319751,1.130651
0.064386,-0.212360,-0.010591,0.000000,0.000000,0.000000,-0.345833,-0.172550,0.946476,0.000000,0.000000,0.000000,-0.345833,-0.172550,0.946476,0.018201,-0.318669,1.130921
0.093488,-0.222885,-0.038332,0.000000,0.000000,0.000000,-0.342717,-0.179979,0.945198,0.000000,0.000000,0.000000,-0.342717,-0.179979,0.945198,0.017370,-0.317746,1.131142
0.152664,-0.213502,-0.046071,0.000000,0.000000,0.000000,-0.337628,-0.187096,0.943663,0.000000,0.000000,0.000000,-0.337628,-0.187096,0.943663,0.016643,-0.316514,1.131323
0.194985,-0.208802,-0.052333,0.000000,0.000000,0.000000,-0.331129,-0.194056,0.941918,0.000000,0.000000,0.000000,-0.331129,-0.194056,0.941918,0.015815,-0.315402,1.131472
0.220403,-0.159613,-0.057378,0.000000,0.000000,0.000000,-0.323782,-0.199376,0.940006,0.000000,0.000000,0.000000,-0.323782,-0.199376,0.940006,0.015045,-0.314484,1.131593
0.265331,-0.128867,-0.075783,0.000000,0.000000,0.000000,-0.314937,-0.203672,0.937479,0.000000,0.000000,0.000000,-0.314937,-0.203672,0.937479,0.014043,-0.313598,1.131693
0.293378,-0.078864,-0.076323,0.000000,0.000000,0.000000,-0.305158,-0.206301,0.934935,0.000000,0.000000,0.000000,-0.305158,-0.206301,0.934935,0.013306,-0.312914,1.131774
0.314758,-0.008587,-0.076700,0.000000,0.000000,0.000000,-0.294666,-0.206587,0.932379,0.000000,0.000000,0.000000,-0.294666,-0.206587,0.932379,0.012382,-0.315503,1.131841
0.326909,0.045726,-0.090957,0.000000,0.000000,0.000000,-0.283769,-0.205063,0.929347,0.000000,0.000000,0.000000,-0.283769,-0.205063,0.929347,0.012151,-0.315143,1.131895
0.300719,0.088820,-0.088432,0.000000,0.000000,0.000000,-0.273745,-0.202102,0.926399,0.000000,0.000000,0.000000,-0.273745,-0.202102,0.926399,0.012083,-0.314604,1.131940
0.264086,0.148692,-0.086290,0.000000,0.000000,0.000000,-0.264942,-0.197146,0.923523,0.000000,0.000000,0.000000,-0.264942,-0.197146,0.923523,0.012334,-0.314717,1.131976
0.204025,0.162320,-0.084447,0.000000,0.000000,0.000000,-0.258142,-0.191735,0.920708,0.000000,0.000000,0.000000,-0.258142,-0.191735,0.920708,0.012422,-0.317423,1.132006
0.124075,0.199100,-0.041460,0.000000,0.000000,0.000000,-0.254006,-0.185098,0.919326,0.000000,0.000000,0.000000,-0.254006,-0.185098,0.919326,0.013097,-0.317365,1.132031
0.060701,0.191672,-0.033930,0.000000,0.000000,0.000000,-0.251982,-0.178709,0.918195,0.000000,0.000000,0.000000,-0.251982,-0.178709,0.918195,0.014119,-0.317209,1.132051
-0.020514,0.175666,-0.013828,0.000000,0.000000,0.000000,-0.252666,-0.172854,0.917734,0.000000,0.000000,0.000000,-0.252666,-0.172854,0.917734,0.014978,-0.317328,1.131356
-0.087662,0.165667,0.016851,0.000000,0.000000,0.000000,-0.255588,-0.167332,0.918296,0.000000,0.000000,0.000000,-0.255588,-0.167332,0.918296,0.015730,-0.317562,1.130788
-0.157388,0.138136,0.042288,0.000000,0.000000,0.000000,-0.260835,-0.162727,0.919705,0.000000,0.000000,0.000000,-0.260835,-0.162727,0.919705,0.016628,-0.318168,1.130322
-0.198169,0.095372,0.063418,0.000000,0.000000,0.000000,-0.267440,-0.159548,0.921819,0.000000,0.000000,0.000000,-0.267440,-0.159548,0.921819,0.017611,-0.318122,1.129941
-0.249265,0.060150,0.095755,0.000000,0.000000,0.000000,-0.275749,-0.157543,0.925011,0.000000,0.000000,0.000000,-0.275749,-0.157543,0.925011,0.018994,-0.319154,1.129629
-0.291420,0.013438,0.108054,0.000000,0.000000,0.000000,-0.285463,-0.157095,0.928613,0.000000,0.000000,0.000000,-0.285463,-0.157095,0.928613,0.020245,-0.319068,1.129373
-0.315519,-0.045226,0.118462,0.000000,0.000000,0.000000,-0.295980,-0.158603,0.932562,0.000000,0.000000,0.000000,-0.295980,-0.158603,0.932562,0.021433,-0.319022,1.129164
-0.339290,-0.076382,0.142631,0.000000,0.000000,0.000000,-0.307290,-0.161149,0.937316,0.000000,0.000000,0.000000,-0.307290,-0.161149,0.937316,0.022923,-0.319186,1.128993
-0.335783,-0.101662,0.163266,0.000000,0.000000,0.000000,-0.318483,-0.164537,0.942758,0.000000,0.000000,0.000000,-0.318483,-0.164537,0.942758,0.024240,-0.319297,1.128852
-0.316703,-0.125559,0.165113,0.000000,0.000000,0.000000,-0.329039,-0.168723,0.948262,0.000000,0.000000,0.000000,-0.329039,-0.168723,0.948262,0.025705,-0.320292,1.128738
-0.278287,-0.148045,0.135173,0.000000,0.000000,0.000000,-0.338316,-0.173657,0.952768,0.000000,0.000000,0.000000,-0.338316,-0.173657,0.952768,0.026984,-0.323569,1.129355
-0.230583,-0.157482,0.126545,0.000000,0.000000,0.000000,-0.346002,-0.178907,0.956986,0.000000,0.000000,0.000000,-0.346002,-0.178907,0.956986,0.027977,-0.325580,1.129860
-0.168851,-0.189339,0.087735,0.000000,0.000000,0.000000,-0.351630,-0.185218,0.959910,0.000000,0.000000,0.000000,-0.351630,-0.185218,0.959910,0.028661,-0.324511,1.129563
-0.106173,-0.204155,0.056055,0.000000,0.000000,0.000000,-0.355169,-0.192023,0.961779,0.000000,0.000000,0.000000,-0.355169,-0.192023,0.961779,0.029327,-0.326199,1.130030
-0.031752,-0.210823,0.014643,0.000000,0.000000,0.000000,-0.356228,-0.199051,0.962267,0.000000,0.000000,0.000000,-0.356228,-0.199051,0.962267,0.029796,-0.328362,1.130413
0.019064,-0.227967,-0.018888,0.000000,0.000000,0.000000,-0.355592,-0.206650,0.961637,0.000000,0.000000,0.000000,-0.355592,-0.206650,0.961637,0.030309,-0.327693,1.130015
0.096496,-0.184021,-0.030777,0.000000,0.000000,0.000000,-0.352376,-0.212784,0.960611,0.000000,0.000000,0.000000,-0.352376,-0.212784,0.960611,0.030730,-0.327041,1.129690
0.160759,-0.172797,-0.070603,0.000000,0.000000,0.000000,-0.347017,-0.218544,0.958258,0.000000,0.000000,0.000000,-0.347017,-0.218544,0.958258,0.030069,-0.325875,1.129423
0.200053,-0.127798,-0.072750,0.000000,0.000000,0.000000,-0.340349,-0.222804,0.955833,0.000000,0.000000,0.000000,-0.340349,-0.222804,0.955833,0.029500,-0.325312,1.129205
0.257174,-0.096951,-0.089194,0.000000,0.000000,0.000000,-0.331776,-0.226035,0.952860,0.000000,0.000000,0.000000,-0.331776,-0.226035,0.952860,0.029474,-0.325303,1.129026
0.288215,-0.045452,-0.073042,0.000000,0.000000,0.000000,-0.322169,-0.227550,0.950425,0.000000,0.000000,0.000000,-0.322169,-0.227550,0.950425,0.029775,-0.324822,1.128880
0.299980,0.005575,-0.059804,0.000000,0.000000,0.000000,-0.312170,-0.227364,0.948432,0.000000,0.000000,0.000000,-0.312170,-0.227364,0.948432,0.030279,-0.324126,1.128760
0.287721,0.063033,-0.048949,0.000000,0.000000,0.000000,-0.302579,-0.225263,0.946800,0.000000,0.000000,0.000000,-0.302579,-0.225263,0.946800,0.030773,-0.324171,1.128662
0.262564,0.096047,-0.040081,0.000000,0.000000,0.000000,-0.293827,-0.222062,0.945464,0.000000,0.000000,0.000000,-0.293827,-0.222062,0.945464,0.031300,-0.323771,1.128582
0.262564,0.096047,-0.040081,0.000000,0.000000,0.000000,-0.293827,-0.222062,0.945464,0.000000,0.000000,0.000000,-0.293827,-0.222062,0.945464,0.031300,-0.323771,1.128582
0.193851,0.116563,-0.047527,0.000000,0.000000,0.000000,-0.287365,-0.218176,0.943880,0.000000,0.000000,0.000000,-0.287365,-0.218176,0.943880,0.031995,-0.323810,1.128516
0.122391,0.095491,-0.038894,0.000000,0.000000,0.000000,-0.283285,-0.214993,0.942583,0.000000,0.000000,0.000000,-0.283285,-0.214993,0.942583,0.032834,-0.323720,1.128462
0.066501,0.064963,-0.031856,0.000000,0.000000,0.000000,-0.281069,-0.212828,0.941521,0.000000,0.000000,0.000000,-0.281069,-0.212828,0.941521,0.033649,-0.323722,1.128418
0.022784,0.051599,0.003408,0.000000,0.000000,0.000000,-0.280309,-0.211108,0.941635,0.000000,0.000000,0.000000,-0.280309,-0.211108,0.941635,0.034331,-0.323339,1.128382
0.016073,0.013606,0.002784,0.000000,0.000000,0.000000,-0.279774,-0.210654,0.941728,0.000000,0.000000,0.000000,-0.279774,-0.210654,0.941728,0.034720,-0.323629,1.128352
0.061916,-0.081341,-0.015576,-0.000733,-0.006647,-0.006827,-0.333115,-0.137085,0.939070,0.002064,-0.002711,-0.000519,-0.333115,-0.137085,0.939070,0.021089,-0.316066,1.129247
0.031465,-0.037863,0.001953,0.000000,0.000000,0.000000,-0.332066,-0.138347,0.939135,0.000000,0.000000,0.000000,-0.332066,-0.138347,0.939135,0.021467,-0.318536,1.129772
-0.015615,-0.047382,0.001597,0.000000,0.000000,0.000000,-0.332587,-0.139927,0.939189,0.000000,0.000000,0.000000,-0.332587,-0.139927,0.939189,0.021336,-0.321886,1.130201
-0.058475,-0.039682,0.030944,0.000000,0.000000,0.000000,-0.334536,-0.141250,0.940220,0.000000,0.000000,0.000000,-0.334536,-0.141250,0.940220,0.021503,-0.322354,1.129842
-0.088235,-0.042303,0.040303,0.000000,0.000000,0.000000,-0.337477,-0.142660,0.941564,0.000000,0.000000,0.000000,-0.337477,-0.142660,0.941564,0.021393,-0.322272,1.129548
-0.095860,-0.036387,0.048024,0.000000,0.000000,0.000000,-0.340673,-0.143873,0.943164,0.000000,0.000000,0.000000,-0.340673,-0.143873,0.943164,0.021154,-0.323999,1.130018
-0.104499,-0.059584,0.054463,0.000000,0.000000,0.000000,-0.344156,-0.145859,0.944980,0.000000,0.000000,0.000000,-0.344156,-0.145859,0.944980,0.021598,-0.322737,1.129692
-0.084039,-0.085080,0.044593,0.000000,0.000000,0.000000,-0.346957,-0.148695,0.946466,0.000000,0.000000,0.000000,-0.346957,-0.148695,0.946466,0.021090,-0.321458,1.129425
-0.041216,-0.133743,0.021372,0.000000,0.000000,0.000000,-0.348331,-0.153153,0.947179,0.000000,0.000000,0.000000,-0.348331,-0.153153,0.947179,0.020411,-0.320932,1.129917
-0.007511,-0.167375,0.002466,0.000000,0.000000,0.000000,-0.348581,-0.158732,0.947261,0.000000,0.000000,0.000000,-0.348581,-0.158732,0.947261,0.019588,-0.320231,1.130320
0.018062,-0.202170,-0.012951,0.000000,0.000000,0.000000,-0.347979,-0.165471,0.946829,0.000000,0.000000,0.000000,-0.347979,-0.165471,0.946829,0.018831,-0.319751,1.130651
0.064386,-0.212360,-0.010591,0.000000,0.000000,0.000000,-0.345833,-0.172550,0.946476,0.000000,0.000000,0.000000,-0.345833,-0.172550,0.946476,0.018201,-0.318669,1.130921
0.093488,-0.222885,-0.038332,0.000000,0.000000,0.000000,-0.342717,-0.179979,0.945198,0.000000,0.000000,0.000000,-0.342717,-0.179979,0.945198,0.017370,-0.317746,1.131142
0.152664,-0.213502,-0.046071,0.000000,0.000000,0.000000,-0.337628,-0.187096,0.943663,0.000000,0.000000,0.000000,-0.337628,-0.187096,0.943663,0.016643,-0.316514,1.131323
0.194985,-0.208802,-0.052333,0.000000,0.000000,0.000000,-0.331129,-0.194056,0.941918,0.000000,0.000000,0.000000,-0.331129,-0.194056,0.941918,0.015815,-0.315402,1.131472
0.220403,-0.159613,-0.057378,0.000000,0.000000,0.000000,-0.323782,-0.199376,0.940006,0.000000,0.000000,0.000000,-0.323782,-0.199376,0.940006,0.015045,-0.314484,1.131593
0.265331,-0.128867,-0.075783,0.000000,0.000000,0.000000,-0.314937,-0.203672,0.937479,0.000000,0.000000,0.000000,-0.314937,-0.203672,0.937479,0.014043,-0.313598,1.131693
0.293378,-0.078864,-0.076323,0.000000,0.000000,0.000000,-0.305158,-0.206301,0.934935,0.000000,0.000000,0.000000,-0.305158,-0.206301,0.934935,0.013306,-0.312914,1.131774
0.314758,-0.008587,-0.076700,0.000000,0.000000,0.000000,-0.294666,-0.206587,0.932379,0.000000,0.000000,0.000000,-0.294666,-0.206587,0.932379,0.012382,-0.315503,1.131841
0.326909,0.045726,-0.090957,0.000000,0.000000,0.000000,-0.283769,-0.205063,0.929347,0.000000,0.000000,0.000000,-0.283769,-0.205063,0.929347,0.012151,-0.315143,1.131895
0.300719,0.088820,-0.088432,0.000000,0.000000,0.000000,-0.273745,-0.202102,0.926399,0.000000,0.000000,0.000000,-0.273745,-0.202102,0.926399,0.012083,-0.314604,1.131940
0.264086,0.148692,-0.086290,0.000000,0.000000,0.000000,-0.264942,-0.197146,0.923523,0.000000,0.000000,0.000000,-0.264942,-0.197146,0.923523,0.012334,-0.314717,1.131976
0.204025,0.162320,-0.084447,0.000000,0.000000,0.000000,-0.258142,-0.191735,0.920708,0.000000,0.000000,0.000000,-0.258142,-0.191735,0.920708,0.012422,-0.317423,1.132006
0.124075,0.199100,-0.041460,0.000000,0.000000,0.000000,-0.254006,-0.185098,0.919326,0.000000,0.000000,0.000000,-0.254006,-0.185098,0.919326,0.013097,-0.317365,1.132031
0.060701,0.191672,-0.033930,0.000000,0.000000,0.000000,-0.251982,-0.178709,0.918195,0.000000,0.000000,0.000000,-0.251982,-0.178709,0.918195,0.014119,-0.317209,1.132051
-0.020514,0.175666,-0.013828,0.000000,0.000000,0.000000,-0.252666,-0.172854,0.917734,0.000000,0.000000,0.000000,-0.252666,-0.172854,0.917734,0.014978,-0.317328,1.131356
-0.087662,0.165667,0.016851,0.000000,0.000000,0.000000,-0.255588,-0.167332,0.918296,0.000000,0.000000,0.000000,-0.255588,-0.167332,0.918296,0.015730,-0.317562,1.130788
-0.157388,0.138136,0.042288,0.000000,0.000000,0.000000,-0.260835,-0.162727,0.919705,0.000000,0.000000,0.000000,-0.260835,-0.162727,0.919705,0.016628,-0.318168,1.130322
-0.198169,0.095372,0.063418,0.000000,0.000000,0.000000,-0.267440,-0.159548,0.921819,0.000000,0.000000,0.000000,-0.267440,-0.159548,0.921819,0.017611,-0.318122,1.129941
-0.249265,0.060150,0.095755,0.000000,0.000000,0.000000,-0.275749,-0.157543,0.925011,0.000000,0.000000,0.000000,-0.275749,-0.157543,0.925011,0.018994,-0.319154,1.129629
-0.291420,0.013438,0.108054,0.000000,0.000000,0.000000,-0.285463,-0.157095,0.928613,0.000000,0.000000,0.000000,-0.285463,-0.157095,0.928613,0.020245,-0.319068,1.129373
-0.315519,-0.045226,0.118462,0.000000,0.000000,0.000000,-0.295980,-0.158603,0.932562,0.000000,0.000000,0.000000,-0.295980,-0.158603,0.932562,0.021433,-0.319022,1.129164
-0.339290,-0.076382,0.142631,0.000000,0.000000,0.000000,-0.307290,-0.161149,0.937316,0.000000,0.000000,0.000000,-0.307290,-0.161149,0.937316,0.022923,-0.319186,1.128993
-0.335783,-0.101662,0.163266,0.000000,0.000000,0.000000,-0.318483,-0.164537,0.942758,0.000000,0.000000,0.000000,-0.318483,-0.164537,0.942758,0.024240,-0.319297,1.128852
-0.316703,-0.125559,0.165113,0.000000,0.000000,0.000000,-0.329039,-0.168723,0.948262,0.000000,0.000000,0.000000,-0.329039,-0.168723,0.948262,0.025705,-0.320292,1.128738
-0.278287,-0.148045,0.135173,0.000000,0.000000,0.000000,-0.338316,-0.173657,0.952768,0.000000,0.000000,0.000000,-0.338316,-0.173657,0.952768,0.026984,-0.323569,1.129355
-0.230583,-0.157482,0.126545,0.000000,0.000000,0.000000,-0.346002,-0.178907,0.956986,0.000000,0.000000,0.000000,-0.346002,-0.178907,0.956986,0.027977,-0.325580,1.129860
-0.168851,-0.189339,0.087735,0.000000,0.000000,0.000000,-0.351630,-0.185218,0.959910,0.000000,0.000000,0.000000,-0.351630,-0.185218,0.959910,0.028661,-0.324511,1.129563
-0.106173,-0.204155,0.056055,0.000000,0.000000,0.000000,-0.355169,-0.192023,0.961779,0.000000,0.000000,0.000000,-0.355169,-0.192023,0.961779,0.029327,-0.326199,1.130030
-0.031752,-0.210823,0.014643,0.000000,0.000000,0.000000,-0.356228,-0.199051,0.962267,0.000000,0.000000,0.000000,-0.356228,-0.199051,0.962267,0.029796,-0.328362,1.130413
0.019064,-0.227967,-0.018888,0.000000,0.000000,0.000000,-0.355592,-0.206650,0.961637,0.000000,0.000000,0.000000,-0.355592,-0.206650,0.961637,0.030309,-0.327693,1.130015
0.096496,-0.184021,-0.030777,0.000000,0.000000,0.000000,-0.352376,-0.212784,0.960611,0.000000,0.000000,0.000000,-0.352376,-0.212784,0.960611,0.030730,-0.327041,1.129690
0.160759,-0.172797,-0.070603,0.000000,0.000000,0.000000,-0.347017,-0.218544,0.958258,0.000000,0.000000,0.000000,-0.347017,-0.218544,0.958258,0.030069,-0.325875,1.129423
0.200053,-0.127798,-0.072750,0.000000,0.000000,0.000000,-0.340349,-0.222804,0.955833,0.000000,0.000000,0.000000,-0.340349,-0.222804,0.955833,0.029500,-0.325312,1.129205
0.257174,-0.096951,-0.089194,0.000000,0.000000,0.000000,-0.331776,-0.226035,0.952860,0.000000,0.000000,0.000000,-0.331776,-0.226035,0.952860,0.029474,-0.325303,1.129026
0.288215,-0.045452,-0.073042,0.000000,0.000000,0.000000,-0.322169,-0.227550,0.950425,0.000000,0.000000,0.000000,-0.322169,-0.227550,0.950425,0.029775,-0.324822,1.128880
0.299980,0.005575,-0.059804,0.000000,0.000000,0.000000,-0.312170,-0.227364,0.948432,0.000000,0.000000,0.000000,-0.312170,-0.227364,0.948432,0.030279,-0.324126,1.128760
0.287721,0.063033,-0.048949,0.000000,0.000000,0.000000,-0.302579,-0.225263,0.946800,0.000000,0.000000,0.000000,-0.302579,-0.225263,0.946800,0.030773,-0.324171,1.128662
0.262564,0.096047,-0.040081,0.000000,0.000000,0.000000,-0.293827,-0.222062,0.945464,0.000000,0.000000,0.000000,-0.293827,-0.222062,0.945464,0.031300,-0.323771,1.128582
0.262564,0.096047,-0.040081,0.000000,0.000000,0.000000,-0.293827,-0.222062,0.945464,0.000000,0.000000,0.000000,-0.293827,-0.222062,0.945464,0.031300,-0.323771,1.128582
0.193851,0.116563,-0.047527,0.000000,0.000000,0.000000,-0.287365,-0.218176,0.943880,0.000000,0.000000,0.000000,-0.287365,-0.218176,0.943880,0.031995,-0.323810,1.128516
0.122391,0.095491,-0.038894,0.000000,0.000000,0.000000,-0.283285,-0.214993,0.942583,0.000000,0.000000,0.000000,-0.283285,-0.214993,0.942583,0.032834,-0.323720,1.128462
0.066501,0.064963,-0.031856,0.000000,0.000000,0.000000,-0.281069,-0.212828,0.941521,0.000000,0.000000,0.000000,-0.281069,-0.212828,0.941521,0.033649,-0.323722,1.128418
0.022784,0.051599,0.003408,0.000000,0.000000,0.000000,-0.280309,-0.211108,0.941635,0.000000,0.000000,0.000000,-0.280309,-0.211108,0.941635,0.034331,-0.323339,1.128382
0.016073,0.013606,0.002784,0.000000,0.000000,0.000000,-0.279774,-0.210654,0.941728,0.000000,0.000000,0.000000,-0.279774,-0.210654,0.941728,0.034720,-0.323629,1.128352

